bounce_frame,vx_before,vy_before,bounce_x,bounce_y,height_category
18,2012.8809,684.021,540.52686,549.9187,high
44,200.82756,302.5794,490.49207,612.7989,mid
138,1541.072,661.7886,1295.1763,544.4824,low
2192,-4135.6055,733.6303,1298.9641,626.4288,low
2239,-2172.0032,-191.55956,502.65125,534.59595,mid
2287,1506.8723,180.23221,1195.8008,602.2585,low
9243,-2426.5613,293.22205,1195.2367,584.26624,low
9287,-1663.863,-28.236694,671.3847,541.58923,high
9357,859.3704,100.62012,1024.3928,565.30396,low
9403,1004.25824,197.73254,1364.8276,594.25226,low
10463,-2455.5466,493.78964,1202.818,547.12683,low
10506,-1830.8593,9.632127,576.0599,536.2879,mid
11070,-1040.4834,1418.7378,1268.6885,585.9602,low
11152,-503.99036,737.2112,716.78204,570.77826,high
12328,1909.5463,539.20245,608.6658,538.7067,high
12370,1485.1134,187.65108,1092.8848,575.0859,low
12477,-950.0485,404.1772,501.93726,543.60706,mid
12531,1193.5568,140.84871,1127.8225,598.4666,low
13213,-972.5293,897.3584,1038.2108,600.06006,low
13277,-582.81775,-44.540436,714.9858,555.81146,high
14149,1894.4232,611.1195,577.0696,540.2693,high
14198,1330.8959,176.28116,1078.7219,582.3384,low
14249,-801.81177,134.26434,562.86206,602.51337,mid
14314,1312.0416,1.0599014,1139.9651,583.24915,low
14374,-1248.7374,-120.13717,515.322,529.3711,mid
14422,1041.5359,192.96498,1202.1483,568.1413,low
14496,-4017.799,187.68819,594.81854,562.9501,mid
14545,853.8004,182.09714,1316.5044,589.1105,low
14619,-2520.576,842.02594,652.5458,561.9225,mid
14662,288.43237,199.07785,1121.1962,556.58057,low
14787,-1450.7705,722.9722,637.2479,529.1987,mid
14830,385.6957,261.59354,1035.3009,553.1092,low
14959,-2356.5444,-307.6312,613.6711,546.6165,mid
16441,-1507.755,-75.32366,677.79736,594.46985,high
16506,1101.2594,-84.68919,1188.833,535.37445,low
16556,-1126.1599,162.4187,458.57443,593.37006,mid
16599,57.972836,220.35538,1067.9781,571.52875,low
16677,-2837.065,331.49966,444.68536,605.61487,mid
16773,-411.35144,120.98954,618.9366,626.5133,high
16812,-446.48254,-3.4882464,481.78778,613.9535,high
16846,-150.87752,5.9260845,442.93307,602.64655,high
17467,1435.3048,420.45355,635.87787,563.2191,high
17524,850.61676,58.075344,1023.44104,577.3215,low
17575,434.4667,56.717937,1192.9926,583.306,low
18274,-2178.8037,638.8855,1273.1477,579.87994,low
18325,-1686.5508,91.07088,588.69556,590.0555,high
18391,1039.9786,75.05487,1052.194,611.8122,low
18471,-1432.5885,93.61203,742.91455,571.3131,high
18555,1336.0167,254.49757,1119.842,594.60815,low
18613,-1323.789,104.8884,422.6691,640.99963,mid
18720,2196.1248,937.26996,1194.15,627.2911,low
18782,-667.087,-79.66763,888.28064,576.72614,low
18815,-749.9985,203.56387,909.36633,557.351,low
18849,-31.97158,-21.803205,872.7264,543.0035,high
20674,-335.8667,725.99365,957.37634,549.4963,low
20730,-310.15732,44.16715,814.0222,552.04846,high
20781,-264.75192,42.489964,697.8121,555.1173,high
20828,-235.13731,47.382275,601.771,558.82684,high
22505,1950.1171,535.13306,569.82153,531.3997,high
22552,1394.8451,132.22678,1075.3944,557.3958,low
22603,-610.3038,47.4808,660.1836,540.7888,mid
23200,-1390.0635,1144.9146,1258.4923,589.142,low
23272,-890.0117,123.65099,679.6578,558.4402,high
23349,380.1709,553.1128,459.87305,539.3572,mid
24586,1818.7373,549.0209,638.2866,541.1788,high
24631,1434.8286,224.77238,1133.5295,593.3646,low
24698,-1336.1765,-71.8049,530.7982,543.0931,mid
27708,1654.5588,690.3845,541.56537,561.8983,high
27755,1384.4961,178.90248,1061.5868,593.644,low
27825,-768.9689,7.5854077,745.6338,566.2651,high
27914,1381.455,242.33792,1154.4987,608.99347,low
27969,-856.67737,-81.99274,671.3992,545.58856,mid
29582,1853.5587,686.8384,528.65625,570.12683,high
29631,1530.9175,179.62749,1129.5907,605.43585,low
29700,-1038.0377,-58.813103,690.3252,549.25116,high
29756,196.38266,-3.4981213,808.9723,532.1393,high
29789,149.19708,115.18609,735.8163,535.4422,high
29819,-157.85678,19.081823,722.8908,539.67206,high
29847,14.260254,24.150928,746.0517,544.2592,high
29873,103.86822,36.041965,771.94684,547.79785,high
30253,1855.6423,452.9543,680.74,582.41864,high
30308,1180.7043,111.40869,1200.3333,616.17975,low
31697,-2638.3079,602.0077,1223.2806,627.7736,low
31738,-1887.4268,-15.404178,639.17413,580.1585,high
31813,2050.9426,320.5449,1169.2117,615.7327,low
32608,1289.7542,256.14188,604.1509,528.7885,high
32666,843.6487,94.7996,1005.238,568.64496,low
32720,633.0272,121.37978,1279.7164,605.76733,low
33373,-3404.043,620.6177,1317.8857,626.0926,low
33417,-2213.451,-139.35136,554.9794,555.66046,mid
33481,1691.8004,118.3662,1365.1099,603.249,low
36359,1542.7219,596.37036,553.71735,550.68365,high
36406,1361.1606,143.7583,1076.7599,590.3739,low
36461,-1206.5005,112.4875,424.86865,629.96265,mid
36518,1434.5145,-21.44221,1221.6913,601.79816,low
37951,1715.7917,553.2988,604.9371,539.773,high
37998,1441.718,101.520706,1157.3243,564.9385,low
38070,-1375.2147,63.13166,563.713,562.5039,mid
38175,2226.4746,166.0653,1271.4529,592.9121,low
38217,-986.95465,286.0239,405.6657,617.3065,mid
40325,1377.6599,1175.2539,507.81445,586.4951,high
40401,853.6294,936.782,936.1832,607.8744,low
40466,635.74677,84.29493,1273.0424,618.88806,low
41723,-2435.205,390.0301,1158.229,607.92706,low
41766,-1563.2903,-66.79533,674.8901,547.5262,high
41838,1121.0491,73.58487,1173.1829,544.65405,low
41883,-908.1466,115.84295,498.89407,527.6641,low
42615,1412.7404,219.459,699.2834,549.0917,high
42675,758.50165,47.515434,1078.7073,578.3384,low
42729,641.36334,95.9713,1361.3789,604.31555,low
44189,-2168.296,758.6572,1234.9924,630.5659,low
44236,-1498.4738,-50.15464,672.53925,585.5643,high
44295,1071.8561,31.785246,1229.4346,608.6615,low
44341,-886.66693,32.064934,486.74265,538.8786,high
44391,1414.7737,204.65207,1374.3555,612.0865,low
45665,-2101.1785,452.47223,1190.3901,620.357,low
45721,-1070.4965,-66.382866,713.7814,566.832,high
45767,-508.97623,53.80706,542.2649,548.88794,high
47114,1651.9856,522.44434,601.2084,540.8393,high
47160,1404.0979,109.68481,1128.2102,568.45685,low
48058,-1520.1709,947.1704,1182.277,580.4963,low
48122,-1089.3086,19.39118,588.3565,565.0648,mid
49222,1415.8506,574.6388,561.67926,550.54193,high
49265,1375.0225,165.94785,1049.6536,597.85645,low
49351,-1367.3817,45.513268,664.29517,576.7118,high
49430,1727.8762,369.23218,1143.1431,635.1982,low
49501,-988.5641,-80.04589,773.5053,565.76904,high
49588,1215.5446,261.00903,1114.0763,583.70966,low
69148,2881.5168,641.84406,464.9783,575.2594,high
69200,1651.0797,-35.9462,1142.0476,540.20795,low
69259,-1167.3008,144.83679,538.2767,615.94867,mid
69314,1023.93646,-44.667553,1157.7709,550.9291,low
69360,-493.24753,212.15767,595.97266,606.9239,mid
69412,735.6789,21.474733,1172.9303,543.65845,low
69457,-570.665,211.49792,514.6005,605.37134,mid
69505,650.32794,77.90784,1155.2594,544.9732,low
69552,-640.10803,186.29839,520.781,594.2631,mid
69602,835.49164,46.134758,1183.631,542.46783,low
69652,-686.2105,189.15942,606.8919,598.7307,mid
69703,690.1883,42.62323,1155.75,542.96423,low
69763,-1071.3904,82.11914,603.65356,597.7884,mid
69809,388.50424,184.27231,1191.1066,544.33496,low
69866,-1062.6066,124.67297,574.0767,607.31323,mid
69911,294.17108,164.4217,1164.979,547.8005,low
69972,-1294.9991,114.56555,516.8866,618.3287,mid
70019,636.44293,143.24335,1250.8689,547.27155,high
70080,-1828.3768,144.3884,336.30453,631.53674,low
70122,280.7687,216.69998,1120.973,563.58514,low
70190,-1441.4607,218.87584,513.6917,629.3837,mid
71184,-2069.6526,696.9541,1156.4021,584.957,low
71231,-1667.3638,116.0628,518.8482,610.29504,mid
71297,1353.3065,-60.69406,1126.4274,557.48755,low
71417,495.4295,221.00662,1126.2189,568.49225,low
71492,-3542.7612,429.95697,463.87457,614.272,mid
71537,475.43478,150.17665,1139.595,550.25256,low
71603,-1347.4978,164.32858,539.9715,602.9205,mid
71652,575.0579,117.89323,1173.6881,546.6453,low
71716,-1379.4087,158.7882,526.57196,613.1572,mid
71760,196.36017,178.57658,1105.4882,549.8596,low
71825,-1310.5886,141.29684,511.83847,598.4216,mid
71872,393.5089,171.97743,1152.7921,551.0177,low
71937,-1380.4958,138.4764,531.7284,594.0684,mid
71984,318.48135,148.90298,1090.0183,540.1343,low
72050,-1215.8093,178.2564,562.8332,594.515,mid
72108,922.5947,-59.131645,1074.384,553.4135,low
72168,-1000.9841,78.82709,561.86676,602.53107,mid
72234,1409.508,-55.59802,1139.0898,548.26135,low
72285,-818.6191,236.25136,508.44888,624.4777,mid
72351,1536.3788,-92.419846,1137.3804,557.2926,low
72401,-483.12198,211.97511,591.75354,609.99854,mid
72476,3633.6426,447.26685,1185.4141,553.4373,low
72526,-726.09607,208.16534,535.7958,617.9925,mid
72596,1807.8158,-56.584057,1205.82,551.07385,high
72642,-343.84686,231.8646,593.9965,610.95856,mid
72712,1560.4073,-29.811308,1156.7898,554.94696,low
73304,-2162.871,878.6196,1193.0514,599.30695,low
73354,-1717.869,169.18832,514.65814,621.3678,mid
73440,3333.7998,-141.61357,1178.191,552.5658,low
73492,-838.54706,197.96692,574.87726,622.29706,mid
73561,1465.1884,-44.381413,1121.4489,557.5762,low
73613,-705.0129,163.04803,563.1289,607.50793,mid
73677,1307.7003,-80.22018,1140.8434,551.2304,low
73727,-621.3728,187.99625,523.0671,607.22046,mid
73787,1176.5146,-108.38627,1129.9198,559.4256,low
73836,-324.23074,196.94035,587.52,609.0739,mid
73898,1114.2083,-121.519714,1117.422,545.64685,low
73950,-865.68414,226.91286,436.32,631.7587,mid
75212,-2810.8176,547.2196,1215.746,609.90497,low
75256,-1796.5645,-59.79248,630.858,551.3099,high
75308,855.68805,113.49396,1075.0358,595.4049,low
75362,-671.2888,-24.653816,608.9182,539.7021,mid
75411,780.38434,205.77087,1166.433,604.7808,low
75460,-744.97174,29.540436,553.92645,539.68164,mid
75505,747.5367,220.59157,1167.9193,602.7542,low
75552,-587.4192,65.37517,582.81757,547.16595,mid
75596,582.99567,213.35735,1165.4519,608.79877,low
75644,-642.67163,39.92084,546.7218,542.8095,mid
75687,629.0497,210.5004,1166.1804,603.7852,low
75731,-328.15317,93.29571,611.9474,551.6466,mid
75775,383.8315,157.91884,1131.5381,593.4,low
75824,-372.91458,37.14918,656.20233,540.85974,mid
77046,-3010.796,513.61084,1201.5817,617.15765,low
77090,-1846.894,-89.538284,596.0229,551.9301,mid
77143,1121.6691,155.755,1174.2052,619.6445,low
77186,-372.6134,118.493195,632.3871,561.28143,mid
77246,1096.865,98.454384,1192.129,619.3259,low
77290,-570.4958,124.05296,569.40326,553.40393,mid
77345,1263.1676,152.44095,1294.4459,616.5073,low
77389,-815.06287,97.90637,509.15604,544.47833,mid
77442,1415.1978,190.4092,1344.2401,615.6224,low
77485,-782.14386,107.489174,541.5077,545.90186,mid
77537,1260.2887,189.09798,1318.8079,606.0725,low
77584,-940.22656,69.62694,528.8366,551.1267,mid
77636,1247.69,211.69543,1293.4501,616.525,low
77677,-428.777,121.528404,594.52277,549.9571,mid
77731,1106.8331,177.5948,1266.0715,619.01196,low
77780,-920.1308,28.59288,539.75525,542.93353,mid
77832,1255.1796,185.11392,1286.6727,601.64294,low
77878,-784.8172,72.963806,567.85986,539.4335,mid
77930,1204.8058,242.97177,1314.4076,628.1547,low
79069,2214.9685,740.3423,540.98846,539.9121,high
79114,1925.3802,279.86838,1234.1462,603.57697,low
79170,-1099.2485,-59.756065,617.41425,549.5495,mid
79236,1079.7897,159.75082,1099.1848,595.9756,low
79291,-699.62317,-16.016577,633.33905,549.2659,mid
79404,-33.54556,237.98235,840.6857,629.5719,high
891,-2279.3408,669.97314,1379.8307,715.5469,low
943,-1378.4183,-56.992275,813.5329,675.45404,high
1010,791.5449,45.668118,1176.4348,663.89594,low
1084,-1816.8995,99.20269,721.9342,642.41595,high
2107,-3347.4424,610.72626,1403.127,705.8087,low
2149,-2184.0303,-108.79745,697.31165,642.1655,mid
2196,796.8493,135.01216,1262.9545,682.51904,low
3458,1605.0713,811.0949,667.7712,640.0843,high
3505,1703.6825,226.9435,1339.883,709.5838,low
4891,1353.9762,512.07965,785.9916,637.5091,high
4940,1131.4447,137.07669,1240.599,681.14453,low
5001,-1032.4503,51.827538,724.2803,705.8224,high
5106,2234.4553,-124.90254,1204.2638,687.2089,low
5196,-2008.4077,32.64267,772.2257,640.9034,high
5264,1357.6456,248.83487,1384.101,723.5113,low
5410,-994.799,1059.5166,614.7298,636.742,mid
5482,1278.0729,308.51608,1236.8179,693.32544,high
5630,-2195.2534,1437.7443,543.93774,709.9407,mid
5708,1131.5948,524.81866,1268.019,637.06635,low
5866,-1321.5569,561.06793,644.00195,676.42584,mid
5938,1451.2852,14.304447,1250.5463,627.52374,low
6026,-2061.4478,310.1949,758.81213,660.1684,mid
6069,388.3708,212.2206,1256.6537,628.3467,low
6200,-1274.0039,1063.8374,909.25714,647.74744,high
6236,522.47577,224.39207,1261.6802,626.1826,high
7101,1203.6304,1230.9155,669.5556,677.6605,high
7178,898.0061,530.43756,1279.2427,684.06885,low
7622,-2613.681,412.7171,1302.0116,701.56256,low
7673,-1444.294,-116.68918,711.23285,648.6861,high
7735,912.3291,17.409544,1154.8806,648.46405,low
7784,-762.96027,214.91902,645.8038,714.9723,mid
8532,1892.1045,775.65674,605.66254,717.08954,high
8589,1234.7212,25.94201,1173.4535,711.1855,low
9088,-2767.6562,602.42676,1335.8533,711.7133,low
9133,-1671.8389,-102.09961,749.8906,658.447,high
9239,1146.4746,579.9888,1207.0046,674.0631,low
9345,-1178.162,122.353516,861.64465,653.1472,high
9442,1110.0345,208.2798,1126.0562,667.3683,low
9520,-1705.7534,35.18815,832.8009,650.02374,high
9619,1813.8733,117.92124,1327.7366,668.5683,low
9679,-1411.8497,50.808353,612.0518,695.1561,mid
9737,1078.6704,30.079077,1220.7712,700.8184,low
9822,-2278.1353,699.1783,614.0026,648.6282,low
10018,-1307.959,881.4551,1061.922,633.1916,low
10140,534.2654,119.59481,838.89795,656.80676,high
10197,318.46448,120.45484,980.27545,701.5726,high
10232,-75.70023,144.05235,954.86633,727.2483,high
11366,1323.4303,510.0701,741.44775,632.89935,high
11412,1039.8402,46.588757,1130.443,638.1534,low
11473,-289.8212,10.716822,997.99,643.10706,low
12224,1604.5127,168.1881,1462.5323,704.1582,low
12282,-1614.1433,-131.95535,630.4402,638.24384,mid
12354,811.39844,227.56273,939.0765,689.7634,high
12383,-53.996002,129.44861,937.7388,719.73676,high
13477,1590.0024,60.07614,1166.1392,700.3431,low
13571,-1356.3301,24.823391,680.4751,636.7293,mid
13638,1170.9563,43.142876,1244.5092,629.71735,low
13711,-2421.4387,331.1146,735.6136,682.6809,mid
13789,4058.6113,427.23587,1378.6017,706.4901,low
13890,-1800.4109,895.2024,777.14246,639.7623,mid
13943,676.4147,158.42223,1212.8037,661.8319,low
14063,-2410.9004,-144.90631,795.0153,688.9122,high
14161,2614.1658,122.4987,1386.6113,699.1957,low
14232,-1888.0287,115.02338,663.5807,673.87396,mid
14291,1224.0033,54.4794,1315.3737,707.2385,low
14363,-1596.1005,89.809944,749.4165,682.2814,mid
14443,2442.7097,395.5519,1137.0259,707.1817,low
14522,-3697.5225,718.7964,742.51373,682.48114,mid
14591,1420.7294,129.40778,1228.351,677.4714,low
14676,-4693.966,905.33386,652.5433,708.8431,mid
14732,326.71454,-35.833553,955.5912,669.3263,high
14764,132.71484,76.568794,949.38745,659.52673,high
14792,57.907135,-46.38713,983.107,648.54553,high
16188,-3501.7783,613.742,1403.3584,715.90985,low
16231,-2156.1277,-132.08604,693.4845,647.23517,mid
16283,991.3423,2.8144975,1202.1908,640.0312,low
16351,-1201.4734,169.78085,678.81793,697.2028,mid
16725,-827.7808,857.6212,781.0082,635.6728,high
17580,1256.8768,379.7357,801.6815,631.0728,high
17625,941.25745,36.16394,1143.3405,628.73846,low
17700,-1232.6553,307.42627,762.4781,692.8255,high
17801,2453.4028,-198.63124,1418.7765,674.02924,low
17858,-1515.7017,-40.43217,620.7088,641.50494,mid
17899,895.7009,223.6403,1406.5461,676.401,low
17947,-563.78906,241.6415,682.6635,693.12994,mid
18151,731.891,1829.292,1151.0276,701.77167,low
18213,-793.25684,-37.619793,720.62396,673.1973,low
19535,1161.7163,627.10876,720.13495,650.4031,high
19578,1212.709,241.59428,1159.9941,696.49994,low
19672,-1133.471,265.74622,637.3205,639.02484,mid
21689,-2404.3408,552.4365,1369.5054,710.7821,low
21739,-1461.8878,-73.768425,795.44604,663.06085,high
21805,806.8344,30.763456,1166.0691,652.1494,low
21875,-1195.4529,76.51127,639.72266,659.7298,mid
21949,2931.373,84.57435,1287.9636,620.3557,high
23428,-3571.9773,616.408,1447.4065,715.7102,low
23480,-2300.893,15.763158,506.79874,705.0776,mid
23650,829.867,1241.5569,1284.9723,667.7878,low
24287,-2436.958,593.02734,1314.4248,710.28973,low
24337,-1435.5538,-92.31072,752.807,656.37555,high
24384,244.53444,61.603756,980.2417,654.6237,high
24435,-197.61809,50.64722,883.23083,640.5532,high
24483,-188.80844,15.107422,807.61707,630.8928,high
24969,1182.9263,519.987,762.33215,640.2082,high
25017,963.188,81.30788,1136.8909,656.01807,low
25085,-696.2477,93.857506,826.42664,676.0737,high
25710,-2102.754,990.979,1336.8577,666.2875,low
25773,-1157.0957,-8.204739,722.91895,642.38635,mid
26275,1336.7764,433.2827,753.1957,628.5731,high
26344,817.67865,87.07143,1243.7906,642.8183,low
26400,-896.3303,57.237526,769.6272,657.8627,high
26906,1662.334,818.1836,643.9298,626.9513,high
26953,1728.6829,207.0107,1325.1405,688.813,low
27720,1551.355,904.7095,691.19183,678.021,high
27782,934.01227,43.95462,1173.9231,687.0677,low
28349,-1909.6501,596.72406,1334.1228,680.48865,low
28397,-1432.9391,144.14844,810.02576,696.4351,high
28485,1139.8732,-20.18167,1149.5913,637.5817,low
28569,-1816.7057,276.99765,731.58673,678.8292,mid
28677,1987.2181,596.0189,1473.4005,685.6286,low
28722,-1662.5682,-43.469086,738.74634,644.8867,mid
28807,1035.1495,176.53334,915.9841,636.5797,high
28838,-146.33777,69.35824,874.22565,637.83563,high
32203,936.9974,329.48962,895.2232,643.1829,high
32259,606.72955,81.58025,1166.3839,666.1966,low
32309,294.94656,66.51704,1280.1671,680.0135,low
32340,375.90347,85.28794,1380.2748,690.28235,low
32382,263.9603,76.10889,1473.774,701.8205,low
33163,-2036.4724,459.94763,1235.1089,707.4586,low
33208,-1356.9116,45.895386,746.94855,705.18066,high
33272,1247.5056,9.267868,1345.7455,698.32074,low
33340,-1128.0531,48.671917,869.568,697.72577,high
33432,1368.39,155.82817,1275.1578,683.17804,low
33505,-3122.787,232.53986,714.5467,665.44257,mid
33583,1221.4272,223.36394,935.28656,698.8514,high
33615,-2.5244563,167.24413,929.7449,718.961,high
34522,-2717.3162,546.1505,1275.9099,716.39386,low
34566,-1687.7722,-34.302837,740.07306,660.7221,high
34641,1880.1436,251.831,1315.6127,672.951,low
35885,1209.3372,831.0657,608.8158,634.94434,high
35943,1323.9609,153.61147,1250.086,696.97644,low
36019,-3142.6096,335.29562,514.7091,710.76886,mid
36074,1176.8068,-79.7937,1187.2987,652.529,low
36145,-1401.1234,144.68448,714.3768,657.51544,mid
36231,3814.648,1121.917,1418.4255,703.3613,low
36271,-202.34375,374.40918,725.35034,709.75995,mid
36389,181.72852,214.79414,945.5957,668.61957,high
36418,39.887154,102.95234,926.661,669.1718,high
36444,-10.000968,14.749083,950.5161,665.4819,high
37554,2184.8462,663.11035,657.7876,632.46674,high
37593,1893.0131,238.0179,1257.0037,688.7286,low
37648,-995.41296,11.003583,674.1699,663.66003,mid
37702,1185.7188,70.958145,1371.8528,679.41223,low
37747,8.503418,200.96725,1003.8057,679.9163,low
37784,-91.69014,93.897804,1000.7169,676.0073,low
37813,39.166447,21.22273,1021.64374,671.4019,low
37840,89.63577,-0.5840754,1040.6119,667.8496,low
38805,-3271.4941,334.40332,1385.659,702.25305,low
38850,-1941.5427,-136.0122,725.70337,634.3685,high
38917,594.08746,87.1294,958.2557,654.2746,high
38946,33.122913,120.92098,951.623,670.44006,high
39856,-1861.4062,699.1553,1312.9034,688.15125,low
41158,2221.295,713.3745,651.8803,631.6566,high
41201,2005.1135,247.03201,1360.0911,700.9472,low
41248,-832.8941,23.239746,713.8881,634.7265,mid
41904,-1361.1816,926.4795,1255.239,655.56305,low
41971,-677.73676,71.39574,870.47034,647.90643,high
42030,-258.25952,-20.526184,747.4701,637.67847,high
42344,1751.443,547.184,751.3937,636.56757,high
42389,1588.2042,252.19456,1326.3422,696.84753,low
42451,-1050.423,41.789883,821.2598,712.0286,high
42540,1796.9758,101.08575,1324.3287,697.9126,low
42602,-1265.1298,47.952778,696.9347,716.50836,mid
42689,2593.0925,73.35191,1278.0219,675.0389,low
42785,-2760.4995,234.47125,701.0971,635.114,mid
42899,2214.3765,1146.6642,1109.2789,682.8932,low
42955,-670.7625,5.690421,694.76434,661.07007,mid
43088,1578.2736,745.83673,1225.7592,652.4034,low
43156,-1205.4755,99.753624,717.245,653.46405,low
43254,2093.1304,980.976,1179.2169,652.7667,low
43855,1273.2031,414.8356,607.79535,632.99835,high
43916,1057.3291,100.265076,1145.5596,682.85767,low
44558,-2024.8389,541.0718,1279.6531,702.18805,low
44605,-1309.8969,-24.906153,792.73737,675.06506,high
44678,1698.148,210.81866,1267.3325,696.491,low
44747,-1421.2715,-67.77385,657.9141,638.4021,mid
44805,1373.1621,106.02713,1375.2384,693.4543,low
44849,-823.0334,132.79094,582.43616,636.7335,low
46199,-3119.8271,602.0171,1403.1542,662.34924,low
46250,-1904.9761,-0.88923866,657.8509,635.4344,mid
46303,1303.4874,72.27618,1325.5166,660.5647,low
47605,1551.0885,511.32883,763.14813,632.24133,high
47653,1269.0441,60.221592,1259.9924,641.3316,low
47727,-1784.1096,282.86118,595.60846,704.5231,mid
48475,-1449.1602,728.7988,1277.2695,641.8262,low
48533,-909.48114,4.934537,848.4019,637.6172,high
48897,1359.2458,469.159,744.40533,632.8097,high
48944,1211.597,95.210594,1213.6573,654.76965,low
48998,-330.76556,79.30677,1003.8498,681.91425,low
49039,-33.068516,-9.95095,1048.4994,661.61536,low
49076,-105.22211,0.11645508,1007.1681,650.82996,low
49109,-64.847885,16.185654,1005.90314,638.8729,low
49139,-12.785355,-26.037722,995.682,629.18665,low
50842,-1943.916,377.45117,1250.0406,694.9648,low
50887,-1252.2125,-86.21719,807.1006,652.777,high
50967,1223.6133,179.25835,1176.6375,672.92914,low
51985,-2029.3555,541.52344,1319.4448,707.1253,low
52030,-1391.1676,-87.56729,822.0773,658.2988,high
52090,947.86633,27.311018,1307.5192,675.19965,low
52178,-2019.3849,624.1429,672.0367,655.80035,mid
52224,637.12854,212.73032,1227.5874,688.5571,low
53366,1867.7251,503.83838,671.4984,676.6135,high
53416,1194.0698,-31.007149,1144.7297,645.75385,low
53501,-1306.844,289.25272,698.41406,693.6691,high
53583,2584.5706,-55.71177,1317.5204,622.48694,low
53648,-1605.5137,156.49335,583.10455,668.3244,mid
53708,1380.8668,37.11467,1296.7905,695.66205,low
54032,-1127.1718,296.4384,1120.9762,710.63904,low
54089,-546.6942,-43.287373,871.0555,674.7771,high
54140,-374.30936,-19.797092,714.24927,651.5703,high
54768,1738.7123,512.9862,713.93066,636.70807,high
54818,1260.409,134.06761,1223.2198,674.6016,low
54876,-809.1936,-43.299168,798.17645,652.0484,high
54946,1047.8846,94.57242,1265.5891,664.32104,low
55029,-2756.263,19.582075,812.0054,650.6429,mid
55078,412.57733,128.33533,1238.368,672.15356,low
55165,-2825.5999,81.64856,651.36304,653.44604,mid
55210,985.991,315.54895,1423.9379,720.4005,low
55276,-1500.072,26.127226,871.6407,701.6509,high
55337,794.6992,-145.45601,1277.0188,630.7563,high
56257,1038.9528,1080.0786,1294.8717,700.7546,low
56950,-2010.8512,280.90372,1222.2753,677.64575,low
56994,-1142.451,-86.277115,826.53357,635.2919,high
57072,1335.3232,159.80188,1237.9143,652.0462,low
58560,-4413.0176,973.13226,1418.5647,709.42444,low
58604,-2208.1724,-165.43425,644.11926,635.85077,mid
59389,-1557.6562,1050.6079,1202.4443,696.3069,low
59460,-691.8586,116.08365,782.8534,675.3528,high
59521,-216.67198,-7.751382,671.2871,666.7162,high
59576,-157.79701,23.13683,600.53467,659.9039,mid
60937,1489.1477,457.8717,803.6813,632.00604,high
60986,1236.9381,105.93665,1300.126,663.3186,low
61054,-1515.0885,8.572687,607.17316,649.82153,mid
61111,1385.8804,72.92265,1334.0769,678.4725,low
66533,-2888.8574,565.459,1320.4398,706.0892,low
66579,-1704.3444,-109.984505,709.26465,648.74493,high
66646,960.3218,37.810966,1154.7908,644.452,low
66714,-1113.7954,158.99216,738.89014,697.4703,mid
66792,3339.494,59.782368,1236.8859,696.3418,low
66899,-321.4801,409.76074,1001.81396,634.99774,low
66939,-65.56542,66.62349,1003.5279,621.9537,low
67363,571.0077,445.48438,1191.0703,640.36194,low
67836,-2632.8386,446.28146,1246.4165,714.18835,low
67884,-1469.4172,-70.798195,692.0267,671.0602,high
67980,1645.2632,146.39124,1160.9807,695.4681,low
68025,104.40239,124.861916,1007.6752,673.80676,low
68059,-705.9031,7.4994473,997.8799,638.11383,low
69096,1180.2008,547.1277,728.59454,631.3055,high
69144,930.0983,56.12592,1091.2463,641.3274,low
69213,-502.61667,108.611336,876.86255,667.63605,high
69305,1547.6372,96.40386,1377.096,685.3223,low
69378,-1555.9565,57.51118,628.54395,641.26843,mid
69915,-1970.6641,985.13184,1249.3136,662.7808,low
69983,-1041.0442,58.334175,637.1733,632.10425,mid
70461,1210.6714,656.82745,740.80304,648.7938,high
70510,1260.2554,170.37218,1255.2932,702.86957,low
70578,-1067.5851,30.634476,791.1678,693.99133,high
70690,1490.4529,18.916485,1147.778,691.8266,low
70778,-2528.619,230.03961,713.4703,707.12006,mid
70870,3155.6653,55.649414,1208.83,710.2016,low
70963,-2216.5994,553.8688,715.9631,639.62103,mid
71031,1350.0966,172.24762,1290.2124,674.6888,low
71102,-1692.4819,178.47047,764.6447,701.7006,mid
71193,2750.8213,844.6289,1401.5027,679.57697,low
71268,-3772.7563,1038.1731,678.6795,644.70734,low
71305,341.8585,206.17047,1276.7681,619.68695,high
72701,-2757.0762,685.78564,1476.1775,716.9451,low
72761,-1437.1819,-126.22298,761.6872,656.1121,high
72820,786.2508,9.320378,1167.3257,663.157,low
72895,-1965.2579,269.03723,603.3915,702.3245,mid
72984,3232.4646,48.83619,1463.4651,700.0827,low
73042,-1602.8566,-109.67012,621.4991,632.5813,low
74191,-2022.6025,706.062,1293.4554,638.32404,low
74239,-1420.7378,54.525505,747.6621,646.60406,high
74313,3003.0205,327.87747,1501.6282,706.11237,low
74382,-994.24506,38.774536,1092.2712,687.38855,low
74422,-5.7936277,-8.218455,1079.8566,671.7156,low
74459,-234.76648,-2.1097412,1000.3424,659.0274,low
74491,-113.83065,15.592144,1003.14465,649.9496,low
75395,-780.9856,608.9978,845.3839,635.7179,high
76100,1862.0842,637.3619,698.08307,632.2324,high
76154,1614.8413,164.8354,1417.1935,694.2957,low
76218,-1656.7504,-65.59024,634.59076,648.99994,mid
76289,1796.5153,153.35684,1397.6447,689.7921,low
76375,-3166.588,602.209,698.8121,620.31854,low
78152,2027.9248,472.9309,734.3938,671.8029,high
78196,1534.0593,51.851543,1237.7782,646.01434,low
78272,-1536.4309,126.28792,705.0743,636.9759,mid
78345,1935.4344,189.18253,1152.7512,643.5089,low
78419,-1963.2612,335.8288,680.7618,696.15656,mid
78492,5027.824,73.62837,1317.3273,658.78644,high
78591,-1753.7299,872.52234,790.84766,633.3884,mid
78659,807.4279,194.28185,1098.9971,673.16547,low
78735,-3499.0056,392.31754,700.59326,703.5191,mid
78804,1866.1195,-14.429952,1438.7677,652.2133,low
80447,-4056.0547,600.5786,1400.9894,701.82544,low
80486,-2468.78,-85.604774,659.1063,648.2653,mid
80540,1239.4038,15.6210165,1318.0243,644.6512,low
81649,1317.7295,1187.2339,636.41205,688.52045,high
81718,1117.013,182.77277,1277.941,716.3378,low
82181,-4143.085,554.7085,1420.5421,706.33606,low
82222,-2286.2703,-113.79448,738.55457,635.9634,mid
82278,869.73865,47.07201,1220.7422,654.5619,low
82356,-3031.9587,330.5574,529.08923,699.50977,mid
82416,1677.4452,-9.038086,1375.423,701.5286,low
82475,-1129.101,-39.0109,767.22144,683.75214,low
82530,770.7783,97.81879,1336.2981,686.4795,low
82600,-1977.8403,109.31856,546.1771,677.30774,mid
82638,-489.0815,319.2058,939.36066,702.7274,high
82699,-519.14075,-33.716854,706.1778,688.4897,high
82752,-136.47897,25.229319,659.8658,683.88324,high
82800,114.2614,40.943676,711.9762,683.36505,high
82844,109.13055,42.39772,750.42413,683.2448,high
83846,1852.6304,679.4341,713.9094,635.7173,high
83894,1792.7964,166.03714,1427.1511,681.8799,low
83961,-1002.22894,-19.806301,1023.2488,653.354,low
83992,-32.81734,-9.190405,1017.95575,640.5118,low
84024,-41.78777,-47.544605,1002.5718,623.98157,low
84718,1130.3687,615.20764,769.67,659.84753,high
84765,1174.2992,176.8566,1230.225,715.6424,low
84837,-1110.0305,27.719065,771.34216,691.5785,high
86333,-2910.3352,527.34534,1291.9365,705.875,low
86387,-1621.4083,-81.25218,603.3226,652.9021,mid
87664,-2189.8047,660.5963,1406.3801,713.805,low
87716,-1369.776,12.339311,836.9173,702.6338,high
87802,1392.5353,73.54911,1159.8368,689.4767,low
87874,-948.7895,13.922222,769.49884,651.9084,high
88585,-2278.8477,753.772,1389.2144,678.91693,low
88640,-1311.3334,-21.440767,823.7563,644.326,high
89020,1868.803,492.44583,707.2542,646.8225,high
89070,1329.8799,-4.1128945,1241.4458,628.8032,low
89158,-1524.8441,181.66194,608.2564,654.7318,mid
89247,2850.7126,207.2732,1349.4094,680.05255,low
89292,-553.12067,150.6732,740.0304,658.73895,mid
89374,2198.6318,220.06314,1197.406,652.2317,low
89455,-130.62561,433.75488,1008.8301,680.77136,low
89493,-50.343605,114.24463,998.8709,683.0569,low
90486,1366.7736,517.681,760.3584,640.2676,high
90532,1152.4636,68.01539,1192.3743,653.38446,low
90878,945.90424,522.8999,792.975,640.27936,high
90935,630.12585,82.571625,1083.7415,665.5924,low
90985,334.38907,114.43607,1198.959,676.3048,low
91031,244.79184,61.900112,1293.4897,684.6708,low
91625,-2937.3633,566.73096,1365.5844,717.9586,low
91667,-1881.3364,-98.52604,746.1379,667.48975,high
91728,917.6511,73.08676,1199.4557,698.4013,low
91817,-579.6455,-35.132133,1095.5347,653.22394,low
91851,292.35797,-12.844941,1171.7207,633.9087,low
92562,-2447.5542,588.82056,1315.1676,698.1697,low
92606,-1734.9104,122.276634,751.83746,703.05695,high
92722,1634.5472,459.87683,1469.3651,688.7803,low
97735,-2317.5,714.94385,1365.2914,660.41754,low
97787,-1554.2217,39.4798,718.35706,659.3806,high
97836,1317.6425,123.33139,1364.103,697.80615,low
97909,-2341.6794,168.22122,557.17773,689.81995,mid
97975,1407.9631,-40.53682,1207.067,631.84546,high
98030,-840.38086,122.7179,610.2345,655.6614,mid
98099,1629.8458,149.44696,1265.2115,692.52325,low
98153,-540.0916,105.2191,747.42267,681.3466,mid
98226,4741.241,124.68484,1200.0554,635.0702,high
98263,855.1822,162.70044,688.6027,694.9413,mid
98918,1452.5391,1143.6421,1184.2039,694.81195,low
99411,-1735.3613,534.07227,1239.1998,664.081,low
99456,-1184.2126,19.881287,815.10376,656.5163,high
99526,981.0082,96.97551,1250.6456,676.83167,low
99602,-2979.2737,187.33423,713.06665,688.29126,mid
99665,1279.6462,-70.370346,1284.2878,637.58923,low
99733,-756.83136,198.31091,1012.0086,688.6785,low
101072,1544.9834,452.5073,753.2597,631.54865,high
101117,1219.638,108.115845,1201.7216,664.16486,low
101185,-1019.4118,38.25787,750.04,665.39014,high
101240,928.21277,92.959236,1262.2583,696.63385,low
101307,-1641.5969,9.029396,643.9178,672.4699,mid
101362,1348.5759,57.858173,1381.2037,686.2159,low
101407,-355.31088,107.90895,662.88416,641.22186,mid
101888,-1316.7969,884.23584,1187.0056,639.47833,low
101949,-921.9142,-18.81778,717.6344,625.68945,high
102386,1638.0525,541.2034,707.72876,623.0184,high
102437,1283.9648,125.3182,1242.2175,662.9872,low
102517,-1350.7319,106.91554,655.3502,656.2967,mid
104240,-2236.363,18.753744,529.9805,695.53815,mid
105243,-2391.0522,493.34534,1328.5394,703.8464,low
105296,-1392.2561,-52.128296,744.1018,664.57245,high
105358,1044.7985,63.121853,1259.1007,691.68915,low
105436,-1567.8698,195.08076,1096.2681,731.37317,low
107058,1525.4926,454.7194,756.26196,633.4427,high
107105,1316.8585,106.6314,1262.4766,661.3913,low
107177,-1459.1873,107.932915,631.53314,689.6506,mid
107248,1527.4968,-66.202995,1279.9741,626.63947,low
108568,2288.1384,719.5508,694.98474,625.3904,high
108612,2112.272,275.2317,1460.504,705.22687,low
108659,-1650.6979,32.911377,683.5827,690.1313,mid
108725,1461.992,-80.39162,1336.8892,622.912,high
108790,-1629.8577,133.16994,636.71906,656.8508,mid
108839,1069.9545,248.94362,1362.2467,705.9349,low
108901,-1274.7245,-51.18735,779.825,672.4609,mid
108986,2886.8052,341.4928,1415.637,671.08624,low
109046,-1639.7986,-17.24717,594.7716,665.016,mid
109119,4777.655,462.4919,1345.8914,659.97217,low
109524,955.97955,1236.8866,1183.2385,696.84845,low
110678,-2197.1533,546.2012,1354.2933,715.24066,low
110724,-1413.2069,-31.154686,840.5584,687.604,high
111472,-2322.107,671.3012,1400.2677,714.9842,low
111525,-1465.4955,-69.806465,777.892,674.5039,high
111611,1623.6432,191.05751,1141.6842,689.99255,low
111685,-3151.193,13.51153,720.5814,671.21515,mid
111752,1468.9409,30.95463,1314.0684,649.8084,low
111827,-3443.4744,803.83936,638.1534,632.0744,low
111924,2144.17,1005.87787,1413.7297,677.2066,low
111977,-1293.9586,112.9919,732.785,688.71533,high
112105,1701.6576,-191.01323,1118.2473,678.6253,low
112167,-1165.2188,98.173706,550.99347,720.5994,mid
112251,2814.1863,784.0841,1220.4089,684.73846,low
112296,-330.1845,82.1348,717.8257,634.6072,mid
112395,2081.5093,218.1086,1239.8729,648.9705,low
112458,-1157.183,172.02951,716.6361,716.9478,high
112629,882.4964,390.73242,1130.846,656.1955,low
112712,-1800.6954,424.74704,626.41125,725.4101,mid
112777,1293.606,-4.167729,1210.7406,705.12146,low
114837,1470.3821,585.9088,684.17255,625.72095,high
114899,1144.3591,69.216225,1274.5425,656.00494,low
116128,2142.7568,615.2169,699.9227,626.2304,high
116173,1754.9443,87.93457,1325.801,628.28754,low
116294,-1561.5077,927.63275,623.84314,696.796,mid
116349,1258.6674,73.17981,1325.4156,700.9078,low
116532,-1015.9417,1437.0913,658.35706,659.17706,mid
116595,898.23895,-1.1356263,1124.0648,623.3022,high
118634,-1691.4844,613.10547,1225.0184,664.49304,low
118679,-1209.7168,50.48828,786.80634,675.23773,high
118767,1487.0966,120.50674,1409.6609,678.3336,low
118841,-3382.6174,408.7202,690.78064,704.7887,mid
118909,1479.3506,-58.392643,1216.2634,635.5912,low
118974,-1023.2101,195.09435,742.0182,705.32025,mid
119074,1556.7231,783.32275,1136.5773,641.9828,low
119115,-716.9407,218.22954,566.00024,645.1311,low
120785,-1867.3486,619.51416,1354.5308,680.9158,low
120849,-694.68115,18.133524,961.70953,675.1384,high
120890,-102.8252,124.83733,926.1233,690.13367,high
120928,-97.19756,87.41491,895.53326,702.96783,high
120961,-92.78891,106.03371,870.00146,717.6329,high
121031,721.62225,-22.572744,1222.5017,687.6958,low
121077,506.48737,27.432638,1409.8462,686.4151,low
121713,-2912.8123,570.45776,1394.1157,669.6836,low
121753,-2068.796,-61.3127,745.34863,630.7965,mid
121797,739.70154,153.16034,1347.0256,664.9844,low
121852,-1109.5121,27.01991,659.1485,650.24396,mid
121891,473.578,206.38556,1334.1917,683.51294,low
121937,-301.00293,177.10222,759.2608,681.0036,mid
122006,1451.5593,-19.791033,1311.4154,622.6709,high
122076,-900.1639,287.29596,1089.6122,703.49664,low
123638,1791.8763,585.0183,632.96735,664.8765,high
123689,1212.7587,1.3376194,1127.6453,648.266,low
123795,-510.32245,185.89087,842.23883,673.62415,high
123839,-203.97559,41.554653,775.895,673.56885,high
123895,556.8294,-16.485699,1059.3557,653.28906,low
123944,385.9894,53.48616,1199.0895,637.10876,low
123989,281.57593,4.0649414,1304.3413,624.89954,low
124006,197.72981,-18.233208,1293.0215,619.19543,low
124090,-720.72815,589.06067,761.5803,651.1513,high
125047,1414.7805,485.93134,738.4267,630.0147,high
125098,1121.624,94.81242,1205.5863,656.0115,low
125170,-1014.0004,64.9292,774.56476,657.7165,high
126974,-2195.0635,465.22705,1322.4988,707.04034,low
127041,-912.36676,-16.045998,775.6809,663.64276,high
127110,1473.3177,204.10313,1475.361,726.0826,low
128042,-2235.6738,668.8745,1357.3302,714.14746,low
128093,-1387.624,5.9121366,797.16486,696.80164,high
128167,1320.4606,150.72313,1143.6554,687.92957,low
128261,-1373.8196,41.20501,647.3557,649.60706,mid
128322,661.7506,-30.074608,965.73505,631.08984,high
128357,48.3956,91.32838,944.6769,626.7366,high
129683,-3315.4392,578.7103,1399.0834,707.9423,low
129735,-1958.7087,-67.78905,609.2559,655.69055,mid
129824,-196.31104,104.28797,814.157,658.53284,high
129869,-147.05276,63.990936,767.952,671.81445,high
131554,2344.026,717.9297,672.4905,631.02936,high
131600,1994.0453,209.99521,1419.2634,695.2487,low
131652,-1080.3119,7.3754883,846.0536,666.54675,high
131731,2168.6858,322.4986,1273.2411,688.268,low
131774,-458.79712,167.82988,719.4692,665.29767,mid
131831,932.29095,-66.5764,1276.8821,624.71844,low
133300,1717.2941,522.2771,693.90826,667.04114,high
133349,1198.8584,10.336163,1165.1273,655.1891,low
133440,-1239.0814,139.20593,720.22,654.3671,high
133506,593.4979,36.7605,973.1624,650.8381,high
134083,1952.1908,295.16223,1324.5995,620.2571,low
138229,-3376.9504,634.09,1409.4255,712.71014,low
138279,-1907.1846,-51.97587,717.0537,644.54584,high
138356,580.8704,165.4371,949.47504,663.51624,high
138396,-188.68565,86.846985,882.5194,653.52423,high
138432,-189.62027,-9.624587,825.6724,641.28503,high
138685,838.8289,723.40405,1233.9824,702.4598,low
139179,-3620.2197,628.32275,1494.5734,712.38745,low
139235,-2018.1302,-106.65118,614.83466,641.68225,mid
139775,-2570.005,963.9087,1450.2025,703.4888,low
139835,-1380.3783,-100.99191,762.61005,653.10626,high
140324,1219.0219,540.62714,748.43494,636.657,high
140373,1148.2289,159.38782,1212.4025,688.9882,low
140441,-1228.2325,53.745987,656.1726,694.88007,mid
140530,2661.064,50.350075,1262.0308,686.57245,low
140585,-1006.0811,57.686165,659.90796,685.8622,mid
140686,2691.72,777.0489,1224.5947,690.65356,low
140764,-3087.615,239.49126,784.5082,660.40247,mid
140811,389.7815,175.89633,1269.4894,657.1596,low
140919,-3052.4912,1043.8551,522.4365,707.5909,mid
140959,376.53497,263.43115,1229.7874,651.2793,low
142386,1712.953,474.24268,728.3969,668.01056,high
142433,1176.3685,5.87124,1169.0972,652.06024,low
142827,724.1617,1002.0566,1114.8253,660.6763,low
143704,-2690.6348,681.7212,1381.8964,716.5002,low
143750,-1706.4691,-73.88089,765.84924,665.9181,high
143828,2152.0007,247.7469,1364.6857,678.6071,low
143874,-872.6712,81.41962,668.81635,643.0233,mid
143927,1099.5519,109.57528,1358.3112,667.68585,low
143988,-1335.5325,-39.93462,691.41235,642.34314,low
144053,1829.6759,158.54712,1453.7216,678.0886,low
144115,-1384.1232,-55.041008,784.9605,635.5534,mid
144231,1137.165,779.846,1328.1356,641.3273,low
144297,-1368.2228,211.64024,662.314,706.58636,mid
144351,78.68619,162.14728,974.4139,707.73114,high
144399,121.86196,105.95239,947.1836,695.52,high
144449,195.02045,10.2177,1038.9836,684.90643,low
144491,278.02548,91.5937,1150.4664,676.6953,low
144532,271.06033,33.231976,1243.3446,667.9853,low
145782,-2542.4583,493.05176,1341.9442,710.5357,low
145828,-1764.0546,73.37365,758.4663,689.9619,high
145912,1546.9629,91.818306,1326.9476,678.6763,low
148259,1494.5265,454.3092,805.10034,651.8424,high
148305,1173.008,85.23433,1244.4717,672.9838,low
148374,-1233.8325,-11.951386,688.44226,641.4418,mid
148441,744.5767,130.97987,958.56244,668.24146,high
148467,68.35133,120.05098,956.7641,677.27826,high
148882,-842.26447,361.9699,707.14813,641.8694,mid
149321,1103.4181,548.46936,790.4598,661.2204,high
149364,1221.7747,167.88765,1229.076,709.63855,low
149447,-1490.6603,25.257961,629.7337,651.1237,mid
149522,1284.1421,403.51404,932.2971,698.9361,high
149552,-15.046986,239.65466,898.17456,732.7966,high
151632,2129.5125,619.2635,716.84125,634.637,high
151674,1873.3619,256.00125,1351.8627,698.1493,low
151760,-1300.7891,566.613,654.27356,697.9044,mid
151814,1149.9377,-101.30679,1259.7195,629.26117,high
152639,-1409.7314,728.11523,1295.4425,636.2499,low
152698,-911.7602,6.998974,852.4339,640.4816,high
153281,1421.4514,539.6008,704.8197,625.0897,high
153335,1153.9359,82.53367,1214.5336,648.7119,low
153395,-422.25348,-18.040792,1009.9051,638.7531,low
153418,-538.8837,85.51745,1044.9819,638.7036,low
154265,-2141.6455,625.83984,1246.6809,680.9707,low
154308,-1566.3076,66.07337,707.2254,691.4337,high
154407,1986.4823,-9.436833,1349.1564,668.9592,low
155056,1931.9409,930.33203,581.5471,687.14014,high
155112,1333.5536,70.82619,1185.4847,706.83203,low
156090,-3050.5762,349.0808,1360.1372,702.96497,low
156142,-1772.2405,-93.24488,670.69556,639.0058,mid
156188,1214.1332,73.667145,1226.8397,655.38873,low
156263,-1899.6038,138.9019,807.4445,668.67224,high
156350,3243.9607,120.55274,1324.8746,632.34863,high
156397,-917.16113,157.82587,563.2177,652.126,mid
158030,1392.627,581.17676,729.6222,633.25793,high
158083,1276.2587,178.52312,1289.8126,701.9038,low
158162,-2205.0217,50.92398,766.3197,687.7503,high
158220,782.1932,-36.917786,1194.7568,669.3916,low
158292,-1271.9895,107.23885,727.43304,669.03076,mid
158341,783.2647,215.90494,1385.8208,709.3203,low
158386,-638.86365,102.232185,647.69275,665.43146,low
158432,519.7675,154.10664,1344.3584,682.2147,low
158490,-1285.6387,57.315487,641.62897,703.2139,mid
158531,37.26512,81.83249,1158.4663,628.28314,low
159631,-1479.3604,848.2617,1182.2697,653.68134,low
159692,-869.2067,-0.6014549,741.8741,652.73083,high
160248,2124.7183,824.9084,595.9586,674.86346,high
160293,1915.9642,137.13509,1305.154,705.50665,low
160395,565.1894,-92.477646,1358.0349,655.58167,low
161630,-1801.9307,538.2107,1284.7898,659.73444,low
161675,-1356.5206,136.54474,818.5688,679.2854,high
161750,1850.483,144.078,1301.943,698.5407,low
161844,-1403.8503,509.2449,663.19006,701.61035,high
161901,1094.1984,-115.60286,1262.7858,630.1758,high
3390,97.333984,1453.8306,1272.391,659.4732,low
4584,1153.5052,398.1316,692.2122,704.01605,high
4645,597.77167,2.9637017,995.8883,707.58417,low
4699,515.7009,33.70503,1229.0536,706.53986,low
5137,-2124.6191,463.98193,1244.5847,759.09265,low
5188,-1422.5243,-50.909695,666.0852,724.586,high
5253,1126.5779,-19.058237,1196.1621,696.1967,low
5332,-2174.1453,465.0426,584.01764,662.6109,mid
5378,751.0501,116.3102,1223.9536,651.0762,low
6642,1895.1754,538.03937,677.877,628.6118,high
6686,1563.6968,256.64023,1211.5155,695.31354,low
6755,-1266.8256,-69.99855,661.5432,650.2957,mid
6802,441.59427,26.87206,1105.0901,622.16974,low
6921,-1945.1107,823.00323,532.3061,715.48016,mid
7709,-1166.6597,1173.6084,608.1913,626.21155,mid
8137,1911.9371,816.79834,629.428,672.8269,high
8186,1689.7501,238.8764,1296.2094,725.2798,low
8254,-1486.4618,-88.4886,631.3275,659.9828,mid
8320,1394.7776,90.10155,1233.8407,669.2865,low
8393,-4152.479,510.92438,611.8049,727.0562,mid
8427,-1499.7954,127.12609,788.1309,677.9906,high
8469,205.479,-80.393394,702.03424,649.5782,high
8509,-353.44977,-16.023348,595.01746,632.0609,high
8803,720.7817,325.38824,1153.4514,640.5505,low
9627,-2848.7986,215.5371,1280.6066,742.2973,low
9672,-1608.1858,-328.15765,702.402,616.86304,high
9758,1204.0144,392.6152,1085.1277,701.31903,low
9845,-1530.5192,-22.450113,594.447,667.6254,high
10894,-3271.3877,181.26707,1364.521,746.12915,low
10947,-1822.5773,-286.0498,617.87103,614.40375,mid
11042,1143.8033,580.0033,1142.1942,655.55676,low
13430,1960.4016,821.3318,646.0094,647.22174,high
13470,1878.3079,307.07187,1264.5575,723.98755,low
14030,1780.1879,572.14233,607.7732,618.30096,high
14074,1374.6066,67.09305,1092.9448,622.09937,low
14182,-1714.6188,137.36769,540.6177,667.231,mid
14219,584.2755,210.48761,1182.337,648.78577,low
14312,-1492.84,968.5246,662.582,690.8957,high
14354,500.02576,273.2959,1164.2963,672.8067,low
14754,1311.6699,799.37744,565.7542,698.999,high
14813,1035.5643,-30.150455,1070.8472,689.16736,low
15313,-2053.2988,-199.30974,492.25604,688.5402,mid
15402,1580.146,513.91644,1305.2079,728.39056,low
15492,-2090.9653,404.63913,547.6101,610.0612,low
16362,-1867.3431,-128.01698,624.08374,706.40625,high
16434,1279.4718,58.159138,1154.7678,691.8405,low
16509,-3273.441,370.1985,520.93774,738.04474,mid
17307,-1308.066,210.33772,1173.5704,629.61005,low
17364,-849.91724,11.493065,781.00385,625.26245,high
17727,2085.0098,681.7737,627.4113,618.41406,high
17771,1722.9031,281.134,1237.5143,702.57886,low
18787,2108.7974,892.7459,571.41956,688.1877,high
18836,1811.1532,214.58693,1289.169,737.33105,low
18924,-1732.3907,7.148307,629.9922,664.9187,high
19019,-178.11447,38.057705,734.8707,619.0331,high
21031,-2720.1074,217.53662,1226.0302,733.71924,low
21080,-1517.5654,-253.51671,651.99347,618.55566,high
21167,1062.2123,321.38312,1057.4271,693.07104,low
21673,-1876.7675,-326.401,596.0683,631.0793,mid
21772,1280.8347,640.6432,1222.4329,699.4316,low
21840,-1342.7756,189.5823,592.88074,758.4869,mid
21946,2055.717,696.4832,1135.722,674.6062,low
22690,1653.6304,961.8042,588.5467,736.7176,high
22754,936.3244,38.845917,1093.6122,737.51276,low
23236,-2014.7094,586.5234,1286.2808,762.5386,low
23309,-242.30225,595.18066,841.48865,738.1303,high
23356,-243.4169,-30.744287,746.2738,708.4435,high
23431,1085.2136,267.2754,1146.9471,743.03906,low
23883,-1514.7379,-272.57916,762.9978,654.95496,high
23974,522.1826,605.8179,1094.3191,686.3419,low
24056,-1477.5645,156.80994,700.5249,712.01544,high
24156,1694.8356,52.306202,1169.2521,716.09625,low
24209,-1018.4474,-158.7183,633.16644,620.42584,mid
24286,1583.5393,275.18094,1248.581,663.34235,low
24356,-1490.1156,204.83643,569.87256,723.70917,mid
24413,842.158,-119.64359,1124.8214,643.3825,low
24474,-177.01395,53.936665,1050.67,674.97723,low
25813,2014.9227,930.72504,583.17474,674.4559,high
25856,1916.163,287.597,1262.3993,753.21954,low
25921,-1363.4657,-127.395966,647.05334,673.9484,high
26019,1250.048,601.63654,1263.1277,701.7818,low
26083,-1206.5487,103.78095,660.0309,740.3675,mid
26775,-1484.1016,914.1333,1064.246,655.0247,low
26848,-768.24866,134.9006,582.3503,617.1668,mid
27257,1973.6328,879.6826,603.0744,629.1458,high
27301,1703.144,271.18994,1219.5037,711.49677,low
27372,-1547.2985,-150.35156,573.258,607.2401,mid
27428,487.01996,203.10692,866.50336,695.526,high
27766,342.54395,324.74365,1187.7972,699.1485,low
28751,-2986.5671,455.97653,1263.496,752.2217,low
28799,-1615.4204,-226.28607,643.68915,652.15405,high
28887,1343.0153,205.6804,1191.9957,655.89667,low
29592,1745.0391,1006.6748,735.8024,730.18225,high
29653,1103.2916,42.836998,1296.3926,750.5248,low
30402,-1961.4712,-167.13242,527.35956,688.82166,mid
30478,1552.4124,281.02432,1047.7463,715.0384,low
30564,-1367.86,158.52438,695.372,728.8166,high
30644,1506.0076,75.643486,1113.863,668.41864,low
30728,-2520.7146,461.56873,525.33026,731.1879,mid
30777,284.51385,-16.412457,887.9368,633.8767,high
32545,1978.0034,627.3252,635.83307,624.3989,high
32587,1576.8843,80.04295,1167.1016,634.60126,low
32688,-1908.9187,125.44006,577.0943,649.72455,mid
32754,1659.8469,140.89252,1331.9437,686.1728,low
32811,-1083.4929,83.08594,714.1348,715.1086,mid
33474,-1607.4512,755.82764,1197.9564,657.9512,low
33534,-1068.9508,-71.82886,665.21027,626.5543,high
33809,1915.8169,825.2737,578.2771,674.41895,high
33859,1581.1918,190.30518,1210.2559,712.4248,low
33948,-1807.5493,42.954243,588.0815,646.83545,mid
34006,952.9362,50.945156,1090.8751,664.23834,low
34107,-2576.109,192.84668,431.98248,729.3311,mid
38952,-2512.6514,279.4588,1211.5521,667.1107,low
39002,-1621.4819,-74.82422,613.1734,611.41113,mid
39078,1541.6279,224.97247,1186.8506,642.776,low
39114,-414.97482,287.34833,661.1841,669.1045,low
39576,1080.7397,807.42017,1075.1083,686.19214,low
39912,-2010.0342,629.4458,1216.6676,708.45056,low
39959,-1497.7695,109.52725,647.4513,737.27844,high
40041,1655.9764,3.264054,1126.6365,701.6622,low
40116,-1645.274,114.92381,664.3502,666.15735,high
40199,2891.1895,234.97649,1236.3086,677.36884,low
41537,1614.7584,517.58167,642.36786,615.53143,high
41592,1178.9165,66.40705,1170.4464,630.5974,low
41666,-1699.0038,183.90567,563.7369,658.51746,mid
41741,2947.9075,417.56412,1341.4014,738.8297,low
41809,-1788.617,6.0239835,653.0871,699.7265,high
41894,4206.2563,152.40585,1220.4861,628.88434,high
41969,-2233.0923,357.37964,928.5431,681.05585,low
42314,-609.8877,271.5381,634.4632,726.2758,high
43204,2244.8535,879.6289,587.8118,609.2948,high
43249,1966.8667,330.08713,1316.7112,725.46344,low
43321,-1613.8243,-64.6371,592.2794,656.74274,mid
43388,1394.966,-42.958157,1250.6268,607.8822,high
43556,1303.591,687.5929,1124.7238,727.7614,low
44856,-2845.3857,661.09375,1286.3755,747.39905,low
44899,-1944.9656,-82.10386,620.7193,698.4682,high
44965,1233.3855,-1.2291032,1175.6256,670.87775,low
45814,1126.5674,719.6387,627.322,674.78906,high
45878,917.85657,67.42787,1122.0261,681.53577,low
46150,-2341.0974,320.48526,1145.5906,664.62726,low
46193,-1726.282,27.972107,601.1084,642.9694,mid
46274,2153.8696,460.0766,1350.0067,775.319,low
46335,-1548.0525,-257.2699,598.7248,648.8827,mid
46842,-713.67773,100.61157,778.7341,629.22437,high
46903,-299.30518,-27.916569,626.0105,610.49316,high
48869,1547.8479,757.4219,558.0867,614.0669,high
48936,1077.2802,115.52887,1167.5272,642.652,low
49023,-1469.0881,134.67856,578.49854,629.98334,mid
49097,3683.902,708.45026,1334.7896,744.8333,low
49151,-469.22855,45.179504,918.7999,704.93396,low
49204,70.076294,73.46244,1006.3561,729.68835,low
49304,-234.14551,476.2329,870.6063,735.4175,high
49344,-169.60507,37.356922,815.76465,735.8969,high
50116,1621.0702,481.71997,665.1451,613.6798,high
50161,1279.8235,174.21709,1108.1696,649.29987,low
50237,-1279.7913,207.4118,698.80206,625.76483,high
50323,2287.8694,452.5868,1258.4985,722.92487,low
50602,1892.265,589.15247,604.53125,677.5818,high
50655,1324.3472,123.22344,1172.6709,711.0964,low
51217,-2309.7493,335.06998,1208.6431,665.0754,low
51266,-1555.8053,-21.93111,638.57074,627.3836,high
51341,2576.1233,456.63556,1380.0571,731.0928,low
51394,-1230.7208,-82.14948,716.2085,658.59985,high
51495,1198.1863,365.74765,1198.3625,624.724,low
51547,-1041.7582,173.92783,656.2514,696.7835,mid
51622,2267.6997,641.9958,1263.1825,714.8965,low
51687,-1151.822,-47.212536,777.2258,663.9963,high
51832,850.0214,613.2987,1189.4066,691.1095,low
52559,1354.082,1273.3325,542.8352,746.14325,high
53015,-3218.3447,500.12695,1343.7772,720.64954,low
53058,-2287.4949,-126.89209,569.051,652.6318,mid
53112,1289.2893,103.968575,1251.0126,699.66516,low
54519,1973.7604,562.2009,607.49585,608.41406,high
54564,1591.7891,175.24945,1178.6941,656.8122,low
54643,-1657.7993,-2.784917,698.86664,638.6526,high
54730,2381.007,451.4686,1366.5035,747.1601,low
54785,-770.2277,-72.71573,922.609,680.0121,low
55032,-1599.1943,676.5625,1173.2185,620.5518,low
55081,-1288.6696,89.54224,659.226,641.36957,high
55537,1483.5011,704.8081,581.0194,622.0976,high
55592,1350.8188,237.99785,1195.6262,717.3325,low
55671,-1721.8265,-42.6924,663.3003,653.278,high
55751,2564.6323,156.30762,1275.2218,621.13617,low
55798,-1085.4066,326.61572,478.90027,725.8325,mid
57786,1306.895,631.18616,664.4376,623.5788,high
57838,1014.37445,202.31116,1094.3036,700.39136,low
58157,-3045.879,499.48975,1316.2627,731.5217,low
58201,-2014.536,-173.96422,617.3689,649.00824,mid
58270,1605.3224,205.95107,1346.5067,711.57117,low
58324,-1222.903,22.107063,676.1599,693.97626,mid
58392,1199.953,-0.35640392,1139.7395,647.4992,low
58457,-739.0236,79.19628,920.558,653.04565,low
59199,-2431.192,362.6376,1233.8407,669.2865,low
59250,-1619.669,-38.55233,609.9428,629.18774,mid
59309,1100.3545,129.31082,1180.1019,693.0483,low
59379,-1828.6978,77.3579,497.89026,705.32733,mid
59444,1585.0714,-1372.2249,1191.9012,615.62463,high
59507,-1175.9431,85.18364,681.25336,636.55853,mid
60046,-924.693,1442.7228,852.4946,668.5202,high
61004,1443.6603,588.34045,623.0634,610.4769,high
61055,1167.6924,103.79178,1107.0994,636.23944,low
61123,-1222.0319,204.1225,549.05457,713.6559,mid
62023,-1272.2155,1429.5682,724.9399,702.3089,high
62844,2216.6316,543.74084,574.93567,611.1993,high
62888,1750.1724,169.54117,1196.7902,659.9569,low
62969,-1632.427,-60.026222,716.58405,611.98413,high
63050,1227.9164,462.10446,1091.2803,755.54974,low
63136,-1565.3334,-164.34758,589.69025,651.78546,mid
64157,-2349.938,308.0835,1215.9999,662.10535,low
64208,-1453.0831,-79.954155,626.4994,617.41974,high
64275,1377.6034,232.57199,1275.381,716.0111,low
64356,-703.8257,470.23682,654.7125,676.9754,high
65433,-3210.3926,92.868164,1233.2645,718.6692,low
65477,-1941.48,-261.40796,586.48047,614.22687,mid
65551,1726.5095,322.57407,1331.3448,694.256,low
65591,-808.81696,234.69006,632.23486,674.8261,low
68376,1851.5898,779.16864,593.06055,618.21625,high
68421,1695.0697,410.1144,1221.9137,761.8874,low
68511,-1574.2167,-185.81195,705.33136,686.28296,high
69303,1492.955,658.3639,604.9703,616.3079,high
69352,1223.9515,269.0621,1082.0947,701.29395,low
69434,-1423.6128,-68.54691,612.6717,646.01086,high
69501,1251.2493,25.399025,1205.1226,629.7997,low
69563,-1305.8667,80.9824,590.4557,668.584,mid
69624,1116.3903,-51.065693,1146.9172,646.5411,high
69709,-2334.1077,429.59433,501.71646,720.1334,mid
69781,1695.7941,142.25992,1179.0498,721.2121,low
69884,-2001.1842,868.0158,593.25574,670.5804,mid
70595,1104.3805,1047.226,1021.86053,682.7731,low
71706,-2792.0908,246.55333,1262.9946,745.1562,low
71756,-1691.9359,-189.28305,607.2015,653.8818,high
72185,-729.73773,1299.846,807.52673,629.3993,high
73144,1927.6034,557.82074,639.0648,620.4602,high
73201,585.63434,86.333176,878.5075,653.75684,high
1302,-1283.1394,543.9143,1136.2678,633.47314,low
1352,-1076.3381,170.4922,696.7915,692.8811,high
1421,1134.637,4.5437465,1205.748,675.86053,low
1500,-1629.1034,118.194176,546.7987,657.172,mid
2301,-1453.4565,462.55872,1141.4395,613.4422,low
2350,-1137.0785,108.78338,685.43445,647.6986,high
2414,1036.4426,14.382158,1176.7098,642.6597,low
2475,-538.9357,105.923225,922.6075,696.7892,low
2786,-858.5146,882.3304,694.0254,671.8062,high
3539,1815.0903,789.90234,584.04926,619.20215,high
3592,1457.4568,156.8654,1205.923,655.81055,low
3713,-1585.963,436.32098,587.87683,690.4409,mid
3777,707.0509,-86.91625,895.3163,633.5015,high
4267,-1241.4014,716.80664,1131.741,625.434,low
4319,-862.3959,86.20445,770.5626,646.03564,high
4900,1433.0786,765.1724,647.8955,639.52277,high
4947,1212.011,329.7816,1115.3484,751.6985,low
5055,-1584.5714,-209.53491,643.42596,698.6871,high
6385,-1364.8622,502.92047,1135.6208,627.45496,low
6433,-1154.6764,191.18536,682.08246,687.80725,high
6511,1423.6605,8.010485,1241.1866,650.9399,low
6573,-1276.3066,-15.352555,615.9443,638.3907,mid
6639,1112.002,186.00871,1110.8191,709.57,low
6759,-1562.4891,255.8776,603.2937,666.4272,mid
6836,2566.828,477.622,1154.3785,716.761,low
7369,936.8335,1087.0996,636.65967,711.7005,high
7442,654.8408,525.2222,1083.1893,720.4896,low
7884,-2045.2795,462.91626,1249.418,698.09015,low
7928,-1586.2521,129.00957,719.7373,711.02686,high
7997,970.94495,-47.103664,1135.3883,665.55286,low
8128,-1578.0657,486.03204,524.378,732.3228,mid
8189,1559.0842,16.348524,1309.8337,741.4354,low
8302,-1580.0697,524.2006,671.49084,663.69147,high
8390,1105.8635,397.363,1194.6359,626.6914,low
8455,-1228.5038,209.21432,585.46497,714.50696,mid
10973,1413.5514,580.91956,694.4943,629.6805,high
11020,1163.3555,134.66528,1141.0319,671.59106,low
11100,-1364.1997,203.0503,619.4158,630.37976,mid
11179,1883.8362,371.00934,1323.4072,731.46466,low
11255,-2026.2587,80.48515,535.9719,722.3365,mid
11315,1367.9875,-192.37854,1228.3728,630.83813,high
11449,-1505.2241,636.8741,521.0213,670.11017,mid
11530,1720.8398,295.81552,1111.3475,700.5484,low
11609,-2560.6436,266.8175,629.53925,696.6256,mid
11718,2176.976,725.2481,1247.0688,721.13824,low
11784,-1568.796,-89.927376,567.98425,637.19385,mid
11875,1885.7771,422.53183,1093.3585,700.47687,low
11984,-1173.862,-49.589058,994.16864,635.9067,low
13097,1240.4178,60.594387,1136.0906,619.43604,low
13146,-1139.5714,266.20364,581.69916,727.5331,mid
14549,-2056.0234,440.7295,1209.038,653.818,low
14597,-1462.0537,57.817814,643.36584,665.5848,high
14677,1495.5433,158.76413,1166.6622,694.753,low
14760,-1786.3716,55.34502,548.44617,646.1436,mid
14856,1413.0969,561.8066,1304.9536,705.3283,low
15631,837.9321,1407.688,668.1961,668.69354,high
15727,493.81104,559.1046,1117.7537,676.5109,low
16130,-1361.8604,595.876,1209.0941,618.7298,low
16183,-1113.5793,137.31262,724.1479,669.9208,high
16267,1500.1259,310.94492,1375.765,775.7759,low
16358,-2047.6964,-91.48386,649.6027,661.5975,high
17203,-1713.7549,594.6802,1198.8148,708.9167,low
17264,-932.0622,-128.14465,723.55853,645.8462,high
17316,-397.1965,-38.815296,563.2755,615.1052,mid
17991,1738.7578,1066.4604,592.4641,612.2143,high
18041,1733.534,389.8676,1318.4137,748.48627,low
19206,1871.5831,850.3344,573.7504,607.1225,high
19252,1779.2736,233.45963,1249.5928,678.041,low
19310,-1351.919,-46.232952,544.6207,643.11865,mid
19378,1415.9629,138.29726,1147.0288,688.6592,low
19488,-1891.429,321.3474,500.069,686.078,mid
19556,1616.0732,-48.55895,1220.3796,630.8058,high
21402,437.63916,723.8623,851.3226,616.2747,high
21465,299.1417,66.481186,1008.9862,638.97473,low
21521,288.7768,68.46481,1144.9692,655.56537,low
21572,267.24042,63.45649,1259.0542,670.05896,low
22486,-1941.8423,605.5598,1243.0662,635.91003,low
22545,-1353.0156,78.17697,582.8742,673.3674,mid
22631,1279.5098,444.0073,1240.8369,691.03845,low
22705,-2100.2166,247.63391,662.3724,699.7655,high
22822,1281.8973,354.7189,1099.4701,664.40607,low
22914,-1536.6245,176.67114,621.65295,660.4821,high
22987,1853.2386,398.55652,1199.934,741.0026,low
23081,-2005.9794,-64.42667,705.2052,702.94495,high
24632,-2413.8037,270.96924,1236.0161,670.9691,low
24678,-1721.7595,-61.651276,635.77374,624.42737,mid
24755,1199.1017,161.11456,1151.1998,651.5801,low
24845,-1715.2052,110.960304,569.8675,639.2078,mid
24934,1459.3517,592.9128,1276.7477,726.26807,low
24987,-1142.0001,72.831375,671.082,738.91986,mid
30136,-1012.70764,414.8867,1064.7262,677.3014,low
30190,-588.41077,18.74833,816.2106,669.28674,high
30239,-250.63786,76.50432,740.3849,665.9739,high
30283,-167.03317,17.254768,680.5517,662.72473,high
30324,-148.59409,21.287342,630.7735,658.5126,high
30362,-133.13072,22.951601,588.99365,654.33215,high
30396,-128.30579,36.20709,554.21375,650.17957,high
30781,1676.6235,827.5814,552.62683,711.3673,high
30825,1621.6078,334.69174,1140.5104,782.87823,low
30913,-1424.4321,-64.67313,748.2108,703.11584,high
31001,1724.2467,221.45604,1301.6619,693.2859,low
31087,-1299.2452,488.57263,642.1303,669.59216,high
31136,1118.8151,124.810745,1191.3508,716.90753,low
32251,1777.4792,579.0283,611.53186,662.44775,high
32300,1282.0273,21.368408,1116.0474,654.4464,low
32364,-874.93256,110.70842,697.3802,699.9047,high
32471,1451.429,237.93274,1209.038,653.818,low
33216,1546.3794,928.95996,673.84753,742.94305,high
33274,1003.5903,54.941322,1148.7972,760.8533,low
33801,-3496.992,347.08005,1353.4937,746.6194,low
33846,-2028.6631,-319.38547,622.0045,620.3592,mid
33929,1583.235,240.24747,1139.0896,636.4924,low
34006,-2751.7002,507.87915,624.71594,744.756,mid
34150,1408.48,359.99246,1281.5629,678.1689,low
34274,-1421.174,461.69705,649.0134,637.5211,high
34348,1090.7784,170.41841,1145.7924,658.5764,low
34396,-999.6408,-46.51841,669.0767,619.547,mid
35332,-2644.292,109.8584,1266.1702,736.2511,low
35381,-1607.5245,-247.08379,648.54236,628.49146,high
35479,1470.0768,302.65326,1198.2278,718.9398,low
35550,-1294.7279,-115.337326,662.3697,631.55664,high
35656,1010.8252,485.271,1298.7196,641.1472,low
35763,-1580.2179,549.72833,574.2245,701.42126,mid
35827,1334.515,-106.82211,1214.2086,633.7884,high
36752,1886.5753,475.00015,664.9602,672.6929,high
36797,1367.4141,2.9910278,1159.7823,658.6327,low
36867,-1236.2692,133.72435,613.59265,695.559,high
36951,1678.9103,-15.900602,1216.9114,621.76904,low
37014,-1365.7434,190.30902,537.79596,708.2989,mid
37126,1587.718,420.03568,1081.5994,679.3742,low
37217,-1591.4242,89.77061,643.0698,619.4415,mid
37290,1754.6101,464.90192,1227.1464,737.09973,low
37388,-1397.083,197.20396,559.9807,637.16156,mid
37460,1293.059,152.11943,1133.8594,657.5259,low
37539,-3021.1116,308.7268,673.90497,707.8359,mid
37674,1364.081,454.04297,1127.9808,655.497,low
37732,-1100.7106,211.84172,523.61383,762.4164,mid
38029,-1565.6299,795.8447,1205.989,757.0672,low
38088,-872.9015,-25.868147,782.9204,742.3692,high
38143,-498.84396,35.385574,563.0443,738.4944,high
38775,2127.8997,836.2536,545.85815,690.27344,high
38821,1847.8192,214.665,1228.8499,725.07623,low
38877,-524.4817,-36.754417,922.3725,700.7995,low
38929,274.46304,70.43912,1078.3672,700.41724,low
41634,-2066.1426,473.042,1256.1807,753.2541,low
41684,-1326.7041,-34.753834,728.8568,726.1082,high
41752,867.2329,-116.86114,1107.2281,634.35834,low
43260,-1957.6084,665.7129,1216.6779,642.82104,low
43308,-1583.5503,211.5895,603.9425,706.5551,high
43379,1555.0704,120.39315,1285.5642,746.3522,low
43441,-1416.7192,-11.707081,627.187,736.7408,mid
43503,1375.1261,-212.73206,1288.787,623.06305,high
43565,-1509.2362,142.79855,561.98334,688.33136,mid
43633,1977.3612,103.78082,1308.7734,708.35077,low
43705,-1802.6703,-52.168423,551.09357,618.0653,low
44014,-1150.2308,269.26242,1129.1562,652.4939,low
44083,-653.91205,52.409378,749.73694,625.892,high
44631,1863.4962,516.87915,625.18317,651.4683,high
44677,1461.487,91.60909,1135.7394,642.49445,low
44752,-1602.1102,256.072,657.95905,689.71716,high
44842,1810.407,-21.680502,1259.5225,644.9989,low
44907,-1378.879,0.5249851,599.52625,628.2931,low
45035,1539.7654,550.8512,1358.2493,699.52576,low
45867,1856.9911,729.8271,580.4029,681.38275,high
45922,1536.1023,126.469185,1270.9294,723.2377,low
45993,-1341.4988,-113.48206,694.3768,631.68604,high
46060,1130.3209,251.33267,1217.6831,728.0397,low
46572,395.5249,1446.1572,568.57416,678.326,high
46673,427.9308,949.82495,1021.63214,713.2269,low
46758,181.06445,1003.1421,1326.9323,722.4568,low
48065,-2070.448,-328.20486,562.92267,621.1228,mid
48154,1454.759,401.87823,1247.943,620.89246,low
48220,-1597.4154,291.38834,490.24164,751.24994,mid
48355,1066.7859,395.41504,991.4058,648.9312,low
48417,-162.65613,-0.6570693,925.9564,639.6423,low
50080,-1643.6831,361.28003,1095.7052,626.29065,low
50125,-1221.4425,1561.4778,687.6694,626.64374,high
50190,962.2104,205.79167,1142.5631,713.7064,low
50269,-1476.9485,-21.80185,665.84283,674.7025,high
50351,1915.8955,330.31198,1317.8242,724.4256,low
50409,-1235.19,-194.6287,670.0182,620.5539,mid
50494,1440.1785,224.08432,909.136,619.5179,high
52651,2044.6991,800.76904,626.42065,698.61945,high
52695,1881.8783,289.04507,1296.3186,750.4043,low
52791,-1011.4248,533.44434,695.32025,683.8479,high
52833,562.71515,183.79245,1156.0225,688.69507,low
57039,2145.1707,654.367,624.831,674.53845,high
57084,1735.7627,150.98863,1232.3145,682.98444,low
57149,-1374.6327,-72.84705,580.51874,628.2161,low
57247,1785.5829,564.5145,1145.6772,694.6694,low
57314,-1107.0206,81.2519,677.2591,718.88293,high
57423,1709.5464,-170.51385,1144.7908,624.4843,low
57527,-1655.2859,686.2078,509.60406,694.14185,mid
57581,1633.068,152.17387,1363.2465,733.6267,low
57646,-1421.9589,-17.909452,803.0355,689.2926,high
57760,1709.8329,125.24848,1174.7712,658.69293,low
57858,-1626.0317,162.27437,612.76746,658.44025,mid
57929,1254.6927,7.13081,1157.7815,624.537,low
58036,-1423.403,899.87146,737.6182,627.84894,high
58069,414.91586,439.01782,1182.1194,669.7506,low
58162,-2368.359,210.61052,586.75824,675.3892,mid
58209,662.72797,74.09117,1148.141,618.48236,high
58344,-1562.1124,947.9593,594.93536,604.1993,mid
58410,1353.8093,189.08675,1198.9873,654.7801,low
58588,-1285.4398,566.40936,500.06848,669.023,mid
58638,1442.1138,198.76768,1203.3424,733.9982,low
58789,-1366.1611,1109.1344,753.7388,660.0095,high
58850,874.5342,103.4346,1215.0378,722.014,low
59023,-1567.4336,1432.9125,654.9596,723.81006,mid
59077,1265.0127,108.47271,1332.8685,740.52374,low
60641,-2273.0615,592.24854,1230.4885,628.8417,low
60690,-1573.9819,5.1745605,613.23663,616.31116,mid
60742,1055.663,229.61198,1154.496,714.7563,low
60812,-1293.9232,-60.238968,648.01447,671.62195,mid
60854,455.50235,138.47925,1176.5948,678.7515,low
60928,-2237.8074,427.2244,683.14075,669.75653,mid
61066,1366.4392,703.40015,1216.4491,732.0449,low
61154,-1961.5016,44.33684,583.2253,616.18933,mid
61265,1606.0651,209.94154,1171.4777,629.6053,low
61322,-1110.7092,205.11299,577.4622,731.52905,mid
61437,1620.9977,434.37946,1110.4058,682.4973,low
61509,-1183.2671,-6.833744,624.5939,627.3914,mid
61569,1278.4769,117.31797,1270.8682,690.15576,low
61654,-1120.3766,498.68652,639.8932,639.4904,high
62740,-3137.285,348.53757,1378.4668,763.75793,low
62781,-2190.513,-200.60983,648.839,691.687,high
62874,1493.5618,31.398027,1048.5552,629.10767,low
62948,-1942.2306,391.05008,922.4872,647.65076,high
62999,134.19733,136.46404,1047.8536,692.2743,low
5256,1745.4785,883.88916,629.4747,626.9003,high
5304,1605.5671,256.86725,1266.84,714.0716,low
5374,-1393.7065,-44.61914,684.1666,669.9859,high
5450,1700.1937,446.35907,1306.5938,694.2949,low
5511,-1248.8511,-81.34699,692.16736,654.2373,high
5585,1821.4667,492.00592,1287.5823,705.216,low
5649,-1494.8602,106.59494,590.7216,748.74805,mid
6671,2203.8428,610.9741,609.7328,621.77563,high
6722,1761.0714,123.66808,1340.7112,664.2272,low
6770,-1589.4397,14.331342,597.02734,651.2466,mid
8125,-2498.042,417.4536,1317.7704,702.5481,low
8173,-1455.5062,-185.50336,773.4538,612.3875,high
8247,1249.8358,609.893,1190.1373,699.96204,low
8320,-1391.9626,493.70953,821.02686,712.3293,high
8378,219.1919,25.123808,948.49744,717.98486,high
9252,-2313.5254,500.8374,1378.5758,717.5398,low
9303,-1277.4866,-170.8956,871.9046,630.22955,high
9392,1417.1205,527.71564,1358.8335,718.3012,low
9458,-1640.9564,-60.539013,606.06433,677.97723,mid
9531,2474.7422,310.4585,1199.0261,629.3463,low
10822,2103.9807,730.8032,570.3005,669.6789,high
10875,1642.1385,60.59954,1277.9775,678.7504,low
12110,2099.0674,847.666,632.52527,625.94183,high
12155,1857.9735,203.97156,1319.3484,691.40344,low
12230,-1363.2861,415.50885,716.1684,672.3307,high
12320,1757.898,317.55157,1267.4972,651.27655,low
12394,-1705.9459,488.7269,543.81647,715.612,high
12463,1659.1432,-148.99571,1289.0316,614.98584,low
12506,59.79331,303.9773,978.7672,723.388,low
13625,-2480.2979,498.74023,1379.1749,720.59894,low
13676,-1407.6731,-158.95563,819.76294,634.70276,high
13771,1452.4559,544.54364,1405.0092,720.93567,low
13818,-1718.5165,64.86372,621.8578,719.6079,mid
13890,1023.2577,71.82836,916.61694,688.60486,high
14934,-3709.3284,625.4333,1392.6234,727.8977,low
14980,-2294.7617,-157.09518,554.16797,652.76025,mid
15039,1218.4965,-128.75455,1173.2936,587.6994,low
15156,-1501.7684,375.02286,615.4734,608.0077,mid
15327,-1431.9264,241.95923,673.58887,603.5737,mid
15408,1711.2168,600.039,1282.8385,687.9281,low
15471,-1055.137,80.86658,791.79004,723.87115,high
15558,1586.1014,184.19363,1291.848,667.75464,low
15624,-1289.7292,-67.255196,705.8813,610.7901,high
15705,1772.2836,523.9808,1381.175,699.2617,low
15775,-1629.577,-27.560911,647.29333,653.757,high
15896,478.40332,980.022,1321.5665,741.15717,low
17187,2032.583,493.6499,646.10205,640.8972,high
17235,1476.0481,-64.31094,1215.2205,601.1797,low
17308,-1519.2803,413.61987,757.3555,622.17285,high
17380,414.36234,549.4902,953.4913,660.03595,high
17984,2214.641,806.29395,596.76556,609.8152,high
18033,1814.7037,150.14606,1324.802,652.8847,low
18076,-1546.0997,35.518238,662.1485,601.49615,mid
18140,1266.7631,81.711464,1231.1945,625.60394,low
18187,-818.2441,80.98755,1507.4614,812.19684,low
18260,1550.7014,588.0793,1280.4265,625.0496,low
18316,-982.91846,28.361237,725.33417,611.9556,high
19662,-2340.713,459.78516,1332.185,709.8337,low
19712,-1386.3258,-142.62299,788.4722,632.40607,high
19788,1552.6019,534.7395,1263.8385,691.7551,low
19859,-1540.5603,-17.294218,629.3327,671.33844,mid
19930,1355.3358,-62.879658,1221.055,603.2521,low
19978,10.807071,319.99622,984.768,723.46814,low
21118,-2196.704,826.8286,1397.2548,746.27814,low
21168,-1495.771,36.77117,797.2359,741.8288,high
21254,1315.6051,161.28253,1290.6072,647.4588,low
22845,1760.3931,530.17334,674.28894,627.33136,high
22895,1375.3071,42.176582,1232.9775,634.7288,low
22972,-1504.7883,262.74365,592.7979,617.67084,mid
23037,1556.1105,153.65565,1334.4381,679.39557,low
23116,-411.41846,395.24658,856.28314,621.1066,high
23160,-113.385445,-3.5372858,825.4044,607.8748,high
24032,2202.705,651.77734,632.56793,632.8572,high
24077,1780.2019,97.20657,1283.4556,654.48315,low
25434,-2508.0225,497.69287,1311.2012,712.612,low
25479,-1530.0769,-130.23636,771.8152,646.1504,high
25572,1517.1478,511.3482,1428.5532,730.4142,low
25619,-1733.6174,-89.93569,642.5104,667.5374,mid
25666,565.2759,103.94469,1209.5647,685.04315,low
27013,-2069.541,789.5581,1416.579,734.3279,low
27066,-1390.9663,27.385386,826.039,726.32227,high
27143,1391.6284,83.60433,1233.2102,618.53796,low
27222,-1299.3958,317.73724,691.7981,591.84515,high
27303,1636.3488,509.67422,1308.409,666.9218,low
27371,-1378.8435,4.3886967,714.35724,649.5201,high
28536,2045.5956,791.16205,606.4617,675.0227,high
28583,1778.956,91.31133,1292.8269,697.1709,low
28646,-1111.8938,-79.69855,769.3082,650.0972,high
28722,1499.6663,449.98654,1165.6965,685.5383,low
28798,-1490.007,169.85501,723.95123,614.9182,high
28872,1779.6871,633.2509,1237.6285,710.66223,low
28944,-1622.9674,-87.74215,595.52844,655.17523,mid
29006,742.9033,-61.34145,941.89935,620.90216,high
30139,2045.5835,965.0781,637.7885,623.02795,high
30185,1836.5609,268.86356,1333.5011,707.8195,low
30228,-185.91089,26.760584,996.8356,643.4656,low
31262,-2613.3936,537.5488,1390.5568,727.8702,low
31311,-1610.0923,-127.949875,770.3306,657.06024,high
31406,1520.5602,533.11414,1432.2834,740.6555,low
31471,-1556.9803,-211.87375,715.44305,619.7973,high
31579,1156.4452,381.96573,1201.4954,589.94305,low
31638,-846.5516,256.11105,751.47394,723.3279,high
31697,321.91718,-111.6957,932.6855,658.81104,high
34922,1528.8867,804.3799,671.76166,624.3387,high
34969,1275.5996,267.50876,1162.7906,720.80383,low
35046,-1417.5248,8.958605,700.4945,621.63965,high
35110,1115.5942,130.98322,1230.6393,673.1518,low
35200,-1580.5475,280.48068,670.06854,644.10895,high
35266,896.499,28.81273,1067.2607,636.1376,low
36563,1452.5682,485.59567,663.92377,595.5751,high
36611,1116.5588,39.50813,1098.2405,602.2141,low
37305,-2249.2383,422.93457,1313.5675,674.08276,low
37360,-1482.197,-69.02546,663.15765,630.1916,high
37419,842.1328,4.006844,1094.1802,631.3699,low
37512,-1272.4711,413.9169,672.0614,651.0544,high
38702,-3046.582,329.80713,1407.3472,711.8015,low
38750,-1913.139,-100.18239,680.3531,662.02704,high
38804,392.36957,176.4858,914.28754,734.5068,high
39984,1656.7554,684.8242,635.3159,605.2189,high
40031,1301.4371,191.69853,1132.4657,669.02686,low
40107,-1561.5264,156.44405,723.1722,649.6127,high
40180,1171.3433,376.4104,1159.6937,634.0181,low
40234,-304.75742,193.35411,982.7016,709.4239,low
41489,1670.0122,566.1548,617.81433,605.06604,high
41536,1326.6556,100.13936,1124.0831,634.68036,low
41590,-199.54495,53.92877,360.1237,617.4711,high
42051,-2340.796,545.76904,1269.2341,646.22784,low
42102,-1638.283,70.02225,596.27716,664.05835,high
42182,1410.5232,498.77072,1402.569,745.3349,low
43005,-2409.087,458.833,1257.4167,693.7033,low
43055,-1651.0745,-38.96802,595.04297,666.01666,high
43113,988.8825,-75.17293,1112.1964,625.5001,low
43199,-1518.8167,362.61304,634.95465,636.8323,mid
43243,740.50446,50.596695,1213.6072,598.1316,low
44310,1701.687,605.2539,605.58716,601.9983,high
44360,1369.213,145.52187,1162.5123,650.19086,low
44412,-197.14922,49.229424,987.92914,635.35864,low
45292,1600.7202,802.84424,626.0737,616.0034,high
45339,1355.9375,281.97202,1148.5642,713.56165,low
46727,-2744.6875,413.73535,1311.9178,707.5486,low
46775,-1795.6166,-40.189568,624.8236,683.13226,high
46857,1521.2046,458.83374,1296.2616,716.4768,low
46924,-1450.9895,-81.37952,642.8246,650.745,mid
46982,1025.0243,-112.60775,1180.7188,592.8091,low
47065,-1797.3932,874.0564,832.3485,665.6939,high
47106,827.96783,420.91443,1421.693,763.9363,high
48246,-2350.8105,584.3164,1291.1328,672.8169,low
48302,-1641.2426,24.889557,550.70087,671.4241,mid
48363,1357.1853,105.88325,1233.9073,729.82916,low
48411,-391.33945,50.50508,714.74664,668.35126,mid
48469,1272.3933,38.911587,1399.1542,689.2993,low
48498,440.3514,302.03476,1005.281,705.7041,low
48561,498.09814,18.58274,1210.6722,669.8954,low
51398,2048.1738,690.47363,665.3747,628.2348,high
51443,1785.4296,117.397,1324.2278,656.94073,low
51497,-982.98236,13.147615,793.24255,655.31915,high
52837,1937.6733,649.31396,669.3683,620.3584,high
52880,1719.2615,122.977615,1274.9495,649.32654,low
53667,1833.1958,570.1001,677.6179,624.39435,high
53717,1485.6372,81.945984,1282.2634,648.38776,low
53781,-1466.2607,190.29288,578.3528,739.70557,mid
53830,1165.2435,106.833206,1451.7506,706.2433,low
54544,-2384.5605,499.1455,1315.4525,711.6516,low
54591,-1365.6376,-169.41519,816.6274,628.7004,high
54674,1610.368,534.5594,1400.7274,721.8979,low
54731,-1293.0538,-80.37424,712.34607,664.36127,high
56015,-2657.7637,577.4927,1375.9557,728.6927,low
56061,-1717.3396,-94.41306,753.4316,672.7565,high
57379,1954.4531,1002.65625,584.0745,639.2799,high
57428,1882.2438,269.8366,1348.8638,730.3625,low
57476,-1493.1882,-88.45157,639.63324,674.4194,mid
58878,1858.1323,649.4385,656.9087,633.09717,high
58928,1586.6272,120.14538,1306.6659,671.976,low
58986,-922.8661,46.738323,820.06287,690.4318,high
60521,-2254.585,420.41016,1345.707,708.9886,low
60569,-1400.8767,-159.6032,817.61475,628.7099,high
60652,1484.6777,537.152,1348.9628,715.1255,low
60715,-1230.281,-132.67499,768.7296,647.11163,high
60808,1346.3104,458.02917,1191.9556,643.4237,low
60870,-1208.3821,196.79692,583.3694,745.6862,high
60918,608.68066,76.37993,1315.669,688.3151,low
63063,-2589.36,639.1845,1420.1204,731.3199,low
63112,-1616.1418,-116.87313,785.03375,672.124,high
64636,2121.7456,610.6274,566.34033,634.1745,high
64691,1777.2872,238.94022,1370.5299,737.7702,low
64735,-1704.119,-127.55781,632.60565,661.5006,mid
64787,1045.0614,163.35788,1330.3408,730.11365,low
64830,-612.3257,97.09654,646.6703,665.6081,mid
64889,1240.9904,-114.137146,1288.7213,609.9109,low
64932,-357.3619,173.9158,765.8366,632.1847,mid
66369,2115.3345,728.93066,633.8966,622.99115,high
66418,1631.1488,79.35284,1282.8107,637.2401,low
66502,-1403.9062,372.78632,666.2167,629.2322,high
66566,1165.5139,-38.959007,1233.2749,596.2692,high
68027,-2193.1982,787.7759,1408.1544,735.2319,low
68076,-1593.9373,51.12516,778.3561,735.6042,high
68151,1533.794,247.1399,1226.5842,680.18585,low
68231,-857.124,270.3589,651.65076,592.50604,mid
68303,1117.8704,239.33797,1152.3379,679.3315,low
68375,-1142.5122,-28.124628,703.28345,644.4511,high
68456,1729.8468,482.5131,1394.3376,708.5831,low
69817,-2824.6143,331.18408,1347.9329,715.1123,low
69876,-1372.8429,-190.63339,691.1186,618.5809,high
69973,1206.5698,649.59357,1287.6307,719.40576,low
70395,-2756.294,413.5083,1362.9568,718.3546,low
70443,-1560.2583,-194.73058,781.54016,625.3813,high
70530,1559.7009,518.3291,1321.5704,697.52014,low
70598,-1634.7644,-133.18007,635.2682,620.04004,mid
70671,1675.7069,542.55194,1310.1272,698.3956,low
72157,2099.0186,611.40625,673.4049,619.4065,high
72210,1590.9845,52.856403,1356.0508,628.80365,low
72302,-1862.3524,626.81055,597.99713,651.25684,mid
72889,1721.7432,529.3286,676.0661,621.4106,high
72939,1411.6046,48.949966,1250.0331,629.83075,low
73084,1547.5272,727.3888,1280.1036,743.62054,low
73154,-1314.0637,-204.88583,742.35583,624.01685,high
73242,1641.9983,562.9494,1302.0349,690.183,low
73307,-1389.821,-106.30073,672.60406,625.3362,mid
73382,1640.2354,502.4287,1268.6199,679.65656,low
73455,-1375.9045,117.366936,652.7162,584.60266,mid
74804,2132.8906,613.8623,648.13403,654.7543,high
74851,1781.0162,54.325638,1330.2544,658.01996,low
75842,-2674.9512,414.54834,1368.7117,721.4793,low
75887,-1724.7164,-155.49362,760.0168,646.0284,high
75972,1685.2814,536.97144,1407.844,730.1368,low
76035,-1588.4635,-190.07042,654.2937,638.0147,high
77600,-1708.7582,-151.93031,767.902,674.90765,high
78852,1905.4956,610.8667,677.1252,635.27563,high
78901,1629.064,141.41588,1332.2369,680.38605,low
78964,-1208.5751,4.9396806,781.8486,681.02875,high
79041,1607.9336,178.64473,1254.1478,636.95984,low
79122,-1364.8584,335.8449,576.94244,627.38074,mid
79190,1543.0809,173.71384,1295.7123,684.0236,low
79329,1473.5469,249.41534,1308.6233,687.2175,low
79400,-1451.8279,0.6472623,713.0568,666.3507,high
80295,2314.292,651.1035,608.7619,621.7665,high
80340,1905.313,198.92944,1309.0532,684.1787,low
80389,-911.7973,5.409991,687.73425,636.3711,mid
