bounce_frame,tx1,ty1,tx2,ty2,tx3,ty3,tx4,ty4,vx_before,vy_before,bounce_x,bounce_y,height_category
891,618,612,1374,635,1523,755,456,726,-2279.3408,669.97314,1384,727,low
943,618,612,1374,635,1523,755,456,726,-1378.4183,-56.992275,822,671,low
1010,618,612,1374,635,1523,755,456,726,791.5449,45.668118,1185,670,low
1084,618,612,1374,635,1523,755,456,726,-1816.8995,99.20269,730,635,low
2107,618,612,1374,635,1523,755,456,726,-3347.4424,610.72626,1407,718,low
2149,618,612,1374,635,1523,755,456,726,-2184.0303,-108.79745,705,634,low
2196,618,612,1374,635,1523,755,456,726,796.8493,135.01216,1270,691,low
3458,618,612,1374,635,1523,755,456,726,1605.0713,811.0949,675,631,low
3505,618,612,1374,635,1523,755,456,726,1703.6825,226.9435,1345,720,low
4891,618,612,1374,635,1523,755,456,726,1353.9762,512.07965,795,632,low
4940,618,612,1374,635,1523,755,456,726,1131.4447,137.07669,1248,689,low
5001,618,612,1374,635,1523,755,456,726,-1032.4503,51.827538,731,699,low
5106,618,612,1374,635,1523,755,456,726,2234.4553,-124.90254,1212,694,low
5196,618,612,1374,635,1523,755,456,726,-2008.4077,32.64267,781,635,low
5264,618,612,1374,635,1523,755,456,726,1357.6456,248.83487,1388,735,mid
5410,618,612,1374,635,1523,755,456,726,-994.799,1059.5166,621,626,mid
5482,618,612,1374,635,1523,755,456,726,1278.0729,308.51608,1244,701,high
5630,618,612,1374,635,1523,755,456,726,-2195.2534,1437.7443,547,698,mid
5708,618,612,1374,635,1523,755,456,726,1131.5948,524.81866,1276,646,low
5866,618,612,1374,635,1523,755,456,726,-1321.5569,561.06793,650,667,mid
5938,618,612,1374,635,1523,755,456,726,1451.2852,14.304447,1259,636,high
6026,618,612,1374,635,1523,755,456,726,-2061.4478,310.1949,767,654,low
6069,618,612,1374,635,1523,755,456,726,388.3708,212.2206,1265,637,mid
6200,618,612,1374,635,1523,755,456,726,-1274.0039,1063.8374,919,646,low
6236,618,612,1374,635,1523,755,456,726,522.47577,224.39207,1270,635,high
7101,618,612,1374,635,1523,755,456,726,1203.6304,1230.9155,676,669,low
7178,618,612,1374,635,1523,755,456,726,898.0061,530.43756,1286,693,low
7622,618,612,1374,635,1523,755,456,726,-2613.681,412.7171,1308,711,low
7673,618,612,1374,635,1523,755,456,726,-1444.294,-116.68918,719,641,low
7735,618,612,1374,635,1523,755,456,726,912.3291,17.409544,1164,654,low
7784,618,612,1374,635,1523,755,456,726,-762.96027,214.91902,651,706,mid
8532,618,612,1374,635,1523,755,456,726,1892.1045,775.65674,610,707,low
8589,618,612,1374,635,1523,755,456,726,1234.7212,25.94201,1181,717,low
9088,618,612,1374,635,1523,755,456,726,-2767.6562,602.42676,1341,722,low
9133,618,612,1374,635,1523,755,456,726,-1671.8389,-102.09961,758,652,low
9239,618,612,1374,635,1523,755,456,726,1146.4746,579.9888,1215,681,low
9345,618,612,1374,635,1523,755,456,726,-1178.162,122.353516,871,650,low
9442,618,612,1374,635,1523,755,456,726,1110.0345,208.2798,1135,672,low
9520,618,612,1374,635,1523,755,456,726,-1705.7534,35.18815,842,646,low
9619,618,612,1374,635,1523,755,456,726,1813.8733,117.92124,1334,679,mid
9679,618,612,1374,635,1523,755,456,726,-1411.8497,50.808353,617,685,mid
9737,618,612,1374,635,1523,755,456,726,1078.6704,30.079077,1228,708,high
9822,618,612,1374,635,1523,755,456,726,-2278.1353,699.1783,620,638,high
10018,618,612,1374,635,1523,755,456,726,-1307.959,881.4551,1072,636,low
10140,618,612,1374,635,1523,755,456,726,534.2654,119.59481,848,653,low
10197,618,612,1374,635,1523,755,456,726,318.46448,120.45484,989,702,low
10232,618,612,1374,635,1523,755,456,726,-75.70023,144.05235,963,727,low
11366,618,612,1374,635,1523,755,456,726,1323.4303,510.0701,750,626,low
11412,618,612,1374,635,1523,755,456,726,1039.8402,46.588757,1140,643,low
11473,618,612,1374,635,1523,755,456,726,-289.8212,10.716822,1008,644,low
12224,618,612,1374,635,1523,755,456,726,1604.5127,168.1881,1465,718,mid
12282,618,612,1374,635,1523,755,456,726,-1614.1433,-131.95535,637,628,mid
12354,618,612,1374,635,1523,755,456,726,811.39844,227.56273,948,689,low
12383,618,612,1374,635,1523,755,456,726,-53.996002,129.44861,946,719,low
13477,618,612,1374,635,1523,755,456,726,1590.0024,60.07614,1174,706,low
13571,618,612,1374,635,1523,755,456,726,-1356.3301,24.823391,688,628,low
13638,618,612,1374,635,1523,755,456,726,1170.9563,43.142876,1253,638,mid
13711,618,612,1374,635,1523,755,456,726,-2421.4387,331.1146,743,676,low
13789,618,612,1374,635,1523,755,456,726,4058.6113,427.23587,1383,718,mid
13890,618,612,1374,635,1523,755,456,726,-1800.4109,895.2024,786,634,low
13943,618,612,1374,635,1523,755,456,726,676.4147,158.42223,1221,669,low
14063,618,612,1374,635,1523,755,456,726,-2410.9004,-144.90631,803,684,low
14161,618,612,1374,635,1523,755,456,726,2614.1658,122.4987,1391,711,mid
14232,618,612,1374,635,1523,755,456,726,-1888.0287,115.02338,670,665,high
14291,618,612,1374,635,1523,755,456,726,1224.0033,54.4794,1321,717,mid
14363,618,612,1374,635,1523,755,456,726,-1596.1005,89.809944,757,676,mid
14443,618,612,1374,635,1523,755,456,726,2442.7097,395.5519,1145,712,low
14522,618,612,1374,635,1523,755,456,726,-3697.5225,718.7964,750,676,mid
14591,618,612,1374,635,1523,755,456,726,1420.7294,129.40778,1236,685,low
14676,618,612,1374,635,1523,755,456,726,-4693.966,905.33386,658,700,mid
14732,618,612,1374,635,1523,755,456,726,326.71454,-35.833553,965,669,low
14764,618,612,1374,635,1523,755,456,726,132.71484,76.568794,959,659,low
14792,618,612,1374,635,1523,755,456,726,57.907135,-46.38713,993,649,low
16188,618,612,1374,635,1523,755,456,726,-3501.7783,613.742,1407,728,low
16231,618,612,1374,635,1523,755,456,726,-2156.1277,-132.08604,701,639,low
16283,618,612,1374,635,1523,755,456,726,991.3423,2.8144975,1211,647,low
16351,618,612,1374,635,1523,755,456,726,-1201.4734,169.78085,685,689,mid
16725,618,612,1374,635,1523,755,456,726,-827.7808,857.6212,790,630,low
17580,618,612,1374,635,1523,755,456,726,1256.8768,379.7357,811,626,low
17625,618,612,1374,635,1523,755,456,726,941.25745,36.16394,1153,634,low
17700,618,612,1374,635,1523,755,456,726,-1232.6553,307.42627,770,687,low
17801,618,612,1374,635,1523,755,456,726,2453.4028,-198.63124,1423,687,mid
17858,618,612,1374,635,1523,755,456,726,-1515.7017,-40.43217,627,631,mid
17899,618,612,1374,635,1523,755,456,726,895.7009,223.6403,1411,689,mid
17947,618,612,1374,635,1523,755,456,726,-563.78906,241.6415,689,685,mid
18151,618,612,1374,635,1523,755,456,726,731.891,1829.292,1159,707,low
18213,618,612,1374,635,1523,755,456,726,-793.25684,-37.619793,728,666,high
19535,618,612,1374,635,1523,755,456,726,1161.7163,627.10876,728,643,low
19578,618,612,1374,635,1523,755,456,726,1212.709,241.59428,1168,702,low
19672,618,612,1374,635,1523,755,456,726,-1133.471,265.74622,644,629,low
21689,618,612,1374,635,1523,755,456,726,-2404.3408,552.4365,1374,722,low
21739,618,612,1374,635,1523,755,456,726,-1461.8878,-73.768425,804,658,low
21805,618,612,1374,635,1523,755,456,726,806.8344,30.763456,1175,658,low
21875,618,612,1374,635,1523,755,456,726,-1195.4529,76.51127,646,650,low
21949,618,612,1374,635,1523,755,456,726,2931.373,84.57435,1296,630,high
23428,618,612,1374,635,1523,755,456,726,-3571.9773,616.408,1450,729,low
23480,618,612,1374,635,1523,755,456,726,-2300.893,15.763158,509,692,low
23650,618,612,1374,635,1523,755,456,726,829.867,1241.5569,1292,677,mid
24287,618,612,1374,635,1523,755,456,726,-2436.958,593.02734,1320,720,low
24337,618,612,1374,635,1523,755,456,726,-1435.5538,-92.31072,761,650,low
24384,618,612,1374,635,1523,755,456,726,244.53444,61.603756,990,655,low
24435,618,612,1374,635,1523,755,456,726,-197.61809,50.64722,893,638,low
24483,618,612,1374,635,1523,755,456,726,-188.80844,15.107422,817,626,low
24969,618,612,1374,635,1523,755,456,726,1182.9263,519.987,771,634,low
25017,618,612,1374,635,1523,755,456,726,963.188,81.30788,1146,661,low
25085,618,612,1374,635,1523,755,456,726,-696.2477,93.857506,835,672,low
25710,618,612,1374,635,1523,755,456,726,-2102.754,990.979,1343,677,low
25773,618,612,1374,635,1523,755,456,726,-1157.0957,-8.204739,731,635,low
26275,618,612,1374,635,1523,755,456,726,1336.7764,433.2827,762,622,low
26344,618,612,1374,635,1523,755,456,726,817.67865,87.07143,1252,651,low
26400,618,612,1374,635,1523,755,456,726,-896.3303,57.237526,778,652,low
26906,618,612,1374,635,1523,755,456,726,1662.334,818.1836,651,617,low
26953,618,612,1374,635,1523,755,456,726,1728.6829,207.0107,1331,699,mid
27720,618,612,1374,635,1523,755,456,726,1551.355,904.7095,698,670,low
27782,618,612,1374,635,1523,755,456,726,934.01227,43.95462,1182,693,low
28349,618,612,1374,635,1523,755,456,726,-1909.6501,596.72406,1340,691,low
28397,618,612,1374,635,1523,755,456,726,-1432.9391,144.14844,818,692,low
28485,618,612,1374,635,1523,755,456,726,1139.8732,-20.18167,1159,643,low
28569,618,612,1374,635,1523,755,456,726,-1816.7057,276.99765,739,672,low
28677,618,612,1374,635,1523,755,456,726,1987.2181,596.0189,1476,700,mid
28722,618,612,1374,635,1523,755,456,726,-1662.5682,-43.469086,747,638,mid
28807,618,612,1374,635,1523,755,456,726,1035.1495,176.53334,926,635,low
28838,618,612,1374,635,1523,755,456,726,-146.33777,69.35824,884,635,low
32203,618,612,1374,635,1523,755,456,726,936.9974,329.48962,905,641,low
32259,618,612,1374,635,1523,755,456,726,606.72955,81.58025,1175,672,low
32309,618,612,1374,635,1523,755,456,726,294.94656,66.51704,1287,689,low
32340,618,612,1374,635,1523,755,456,726,375.90347,85.28794,1385,702,low
32382,618,612,1374,635,1523,755,456,726,263.9603,76.10889,1476,716,low
33163,618,612,1374,635,1523,755,456,726,-2036.4724,459.94763,1242,715,low
33208,618,612,1374,635,1523,755,456,726,-1356.9116,45.895386,754,699,low
33272,618,612,1374,635,1523,755,456,726,1247.5056,9.267868,1351,709,low
33340,618,612,1374,635,1523,755,456,726,-1128.0531,48.671917,878,695,low
33432,618,612,1374,635,1523,755,456,726,1368.39,155.82817,1282,692,low
33505,618,612,1374,635,1523,755,456,726,-3122.787,232.53986,722,658,mid
33583,618,612,1374,635,1523,755,456,726,1221.4272,223.36394,944,698,low
33615,618,612,1374,635,1523,755,456,726,-2.5244563,167.24413,938,718,low
34522,618,612,1374,635,1523,755,456,726,-2717.3162,546.1505,1282,725,low
34566,618,612,1374,635,1523,755,456,726,-1687.7722,-34.302837,748,654,low
34641,618,612,1374,635,1523,755,456,726,1880.1436,251.831,1322,683,mid
35885,618,612,1374,635,1523,755,456,726,1209.3372,831.0657,615,624,low
35943,618,612,1374,635,1523,755,456,726,1323.9609,153.61147,1257,705,low
36019,618,612,1374,635,1523,755,456,726,-3142.6096,335.29562,517,698,mid
36074,618,612,1374,635,1523,755,456,726,1176.8068,-79.7937,1196,659,mid
36145,618,612,1374,635,1523,755,456,726,-1401.1234,144.68448,722,650,mid
36231,618,612,1374,635,1523,755,456,726,3814.648,1121.917,1422,716,mid
36271,618,612,1374,635,1523,755,456,726,-202.34375,374.40918,732,703,mid
36389,618,612,1374,635,1523,755,456,726,181.72852,214.79414,955,668,low
36418,618,612,1374,635,1523,755,456,726,39.887154,102.95234,936,668,low
36444,618,612,1374,635,1523,755,456,726,-10.000968,14.749083,960,665,low
37554,618,612,1374,635,1523,755,456,726,2184.8462,663.11035,665,623,low
37593,618,612,1374,635,1523,755,456,726,1893.0131,238.0179,1264,697,low
37648,618,612,1374,635,1523,755,456,726,-995.41296,11.003583,681,655,mid
37702,618,612,1374,635,1523,755,456,726,1185.7188,70.958145,1377,691,mid
37747,618,612,1374,635,1523,755,456,726,8.503418,200.96725,1013,681,low
37784,618,612,1374,635,1523,755,456,726,-91.69014,93.897804,1010,677,low
37813,618,612,1374,635,1523,755,456,726,39.166447,21.22273,1031,673,low
37840,618,612,1374,635,1523,755,456,726,89.63577,-0.5840754,1050,670,low
38805,618,612,1374,635,1523,755,456,726,-3271.4941,334.40332,1390,714,low
38850,618,612,1374,635,1523,755,456,726,-1941.5427,-136.0122,734,627,low
38917,618,612,1374,635,1523,755,456,726,594.08746,87.1294,968,654,low
38946,618,612,1374,635,1523,755,456,726,33.122913,120.92098,961,670,low
39856,618,612,1374,635,1523,755,456,726,-1861.4062,699.1553,1319,698,low
41158,618,612,1374,635,1523,755,456,726,2221.295,713.3745,659,622,low
41201,618,612,1374,635,1523,755,456,726,2005.1135,247.03201,1365,712,mid
41248,618,612,1374,635,1523,755,456,726,-832.8941,23.239746,722,627,mid
41904,618,612,1374,635,1523,755,456,726,-1361.1816,926.4795,1263,664,low
41971,618,612,1374,635,1523,755,456,726,-677.73676,71.39574,880,645,low
42030,618,612,1374,635,1523,755,456,726,-258.25952,-20.526184,756,631,low
42344,618,612,1374,635,1523,755,456,726,1751.443,547.184,760,630,low
42389,618,612,1374,635,1523,755,456,726,1588.2042,252.19456,1332,707,low
42451,618,612,1374,635,1523,755,456,726,-1050.423,41.789883,829,708,low
42540,618,612,1374,635,1523,755,456,726,1796.9758,101.08575,1330,708,low
42602,618,612,1374,635,1523,755,456,726,-1265.1298,47.952778,703,709,mid
42689,618,612,1374,635,1523,755,456,726,2593.0925,73.35191,1285,684,mid
42785,618,612,1374,635,1523,755,456,726,-2760.4995,234.47125,709,627,high
42899,618,612,1374,635,1523,755,456,726,2214.3765,1146.6642,1118,687,low
42955,618,612,1374,635,1523,755,456,726,-670.7625,5.690421,702,653,low
43088,618,612,1374,635,1523,755,456,726,1578.2736,745.83673,1234,660,low
43156,618,612,1374,635,1523,755,456,726,-1205.4755,99.753624,725,646,high
43254,618,612,1374,635,1523,755,456,726,2093.1304,980.976,1188,659,low
43855,618,612,1374,635,1523,755,456,726,1273.2031,414.8356,614,622,low
43916,618,612,1374,635,1523,755,456,726,1057.3291,100.265076,1154,688,low
44558,618,612,1374,635,1523,755,456,726,-2024.8389,541.0718,1286,711,low
44605,618,612,1374,635,1523,755,456,726,-1309.8969,-24.906153,801,670,low
44678,618,612,1374,635,1523,755,456,726,1698.148,210.81866,1274,705,low
44747,618,612,1374,635,1523,755,456,726,-1421.2715,-67.77385,665,629,low
44805,618,612,1374,635,1523,755,456,726,1373.1621,106.02713,1380,705,mid
44849,618,612,1374,635,1523,755,456,726,-823.0334,132.79094,588,625,high
46199,618,612,1374,635,1523,755,456,726,-3119.8271,602.0171,1408,675,low
46250,618,612,1374,635,1523,755,456,726,-1904.9761,-0.88923866,665,626,mid
46303,618,612,1374,635,1523,755,456,726,1303.4874,72.27618,1332,671,mid
47605,618,612,1374,635,1523,755,456,726,1551.0885,511.32883,772,626,low
47653,618,612,1374,635,1523,755,456,726,1269.0441,60.221592,1268,650,low
47727,618,612,1374,635,1523,755,456,726,-1784.1096,282.86118,600,694,low
48475,618,612,1374,635,1523,755,456,726,-1449.1602,728.7988,1285,651,low
48533,618,612,1374,635,1523,755,456,726,-909.48114,4.934537,858,634,low
48897,618,612,1374,635,1523,755,456,726,1359.2458,469.159,753,626,low
48944,618,612,1374,635,1523,755,456,726,1211.597,95.210594,1222,662,low
48998,618,612,1374,635,1523,755,456,726,-330.76556,79.30677,1013,683,low
49039,618,612,1374,635,1523,755,456,726,-33.068516,-9.95095,1058,664,low
49076,618,612,1374,635,1523,755,456,726,-105.22211,0.11645508,1017,652,low
49109,618,612,1374,635,1523,755,456,726,-64.847885,16.185654,1016,640,low
49139,618,612,1374,635,1523,755,456,726,-12.785355,-26.037722,1006,630,low
50842,618,612,1374,635,1523,755,456,726,-1943.916,377.45117,1257,703,low
50887,618,612,1374,635,1523,755,456,726,-1252.2125,-86.21719,816,648,low
50967,618,612,1374,635,1523,755,456,726,1223.6133,179.25835,1185,679,low
51985,618,612,1374,635,1523,755,456,726,-2029.3555,541.52344,1325,717,low
52030,618,612,1374,635,1523,755,456,726,-1391.1676,-87.56729,831,654,low
52090,618,612,1374,635,1523,755,456,726,947.86633,27.311018,1314,685,mid
52178,618,612,1374,635,1523,755,456,726,-2019.3849,624.1429,679,647,mid
52224,618,612,1374,635,1523,755,456,726,637.12854,212.73032,1235,696,mid
53366,618,612,1374,635,1523,755,456,726,1867.7251,503.83838,678,668,low
53416,618,612,1374,635,1523,755,456,726,1194.0698,-31.007149,1154,651,low
53501,618,612,1374,635,1523,755,456,726,-1306.844,289.25272,705,686,low
53583,618,612,1374,635,1523,755,456,726,2584.5706,-55.71177,1325,633,mid
53648,618,612,1374,635,1523,755,456,726,-1605.5137,156.49335,588,657,mid
53708,618,612,1374,635,1523,755,456,726,1380.8668,37.11467,1303,705,mid
54032,618,612,1374,635,1523,755,456,726,-1127.1718,296.4384,1129,715,low
54089,618,612,1374,635,1523,755,456,726,-546.6942,-43.287373,880,672,low
54140,618,612,1374,635,1523,755,456,726,-374.30936,-19.797092,722,644,low
54768,618,612,1374,635,1523,755,456,726,1738.7123,512.9862,722,629,low
54818,618,612,1374,635,1523,755,456,726,1260.409,134.06761,1231,682,low
54876,618,612,1374,635,1523,755,456,726,-809.1936,-43.299168,807,647,low
54946,618,612,1374,635,1523,755,456,726,1047.8846,94.57242,1273,673,low
55029,618,612,1374,635,1523,755,456,726,-2756.263,19.582075,821,646,low
55078,618,612,1374,635,1523,755,456,726,412.57733,128.33533,1246,680,low
55165,618,612,1374,635,1523,755,456,726,-2825.5999,81.64856,658,644,high
55210,618,612,1374,635,1523,755,456,726,985.991,315.54895,1427,733,low
55276,618,612,1374,635,1523,755,456,726,-1500.072,26.127226,880,699,low
55337,618,612,1374,635,1523,755,456,726,794.6992,-145.45601,1285,640,high
56257,618,612,1374,635,1523,755,456,726,1038.9528,1080.0786,1301,710,low
56950,618,612,1374,635,1523,755,456,726,-2010.8512,280.90372,1230,685,low
56994,618,612,1374,635,1523,755,456,726,-1142.451,-86.277115,836,631,low
57072,618,612,1374,635,1523,755,456,726,1335.3232,159.80188,1246,660,low
58560,618,612,1374,635,1523,755,456,726,-4413.0176,973.13226,1422,722,low
58604,618,612,1374,635,1523,755,456,726,-2208.1724,-165.43425,651,626,low
59389,618,612,1374,635,1523,755,456,726,-1557.6562,1050.6079,1210,703,low
59460,618,612,1374,635,1523,755,456,726,-691.8586,116.08365,791,670,low
59521,618,612,1374,635,1523,755,456,726,-216.67198,-7.751382,678,658,low
59576,618,612,1374,635,1523,755,456,726,-157.79701,23.13683,606,649,low
60937,618,612,1374,635,1523,755,456,726,1489.1477,457.8717,813,627,low
60986,618,612,1374,635,1523,755,456,726,1236.9381,105.93665,1307,673,low
61054,618,612,1374,635,1523,755,456,726,-1515.0885,8.572687,613,639,mid
61111,618,612,1374,635,1523,755,456,726,1385.8804,72.92265,1340,689,mid
66533,618,612,1374,635,1523,755,456,726,-2888.8574,565.459,1326,716,low
66579,618,612,1374,635,1523,755,456,726,-1704.3444,-109.984505,717,641,low
66646,618,612,1374,635,1523,755,456,726,960.3218,37.810966,1164,650,low
66714,618,612,1374,635,1523,755,456,726,-1113.7954,158.99216,746,691,low
66792,618,612,1374,635,1523,755,456,726,3339.494,59.782368,1244,704,mid
66899,618,612,1374,635,1523,755,456,726,-321.4801,409.76074,1012,636,low
66939,618,612,1374,635,1523,755,456,726,-65.56542,66.62349,1014,623,low
67363,618,612,1374,635,1523,755,456,726,571.0077,445.48438,1200,647,low
67836,618,612,1374,635,1523,755,456,726,-2632.8386,446.28146,1253,722,low
67884,618,612,1374,635,1523,755,456,726,-1469.4172,-70.798195,699,663,low
67980,618,612,1374,635,1523,755,456,726,1645.2632,146.39124,1169,701,low
68025,618,612,1374,635,1523,755,456,726,104.40239,124.861916,1017,675,low
68059,618,612,1374,635,1523,755,456,726,-705.9031,7.4994473,1008,639,low
69096,618,612,1374,635,1523,755,456,726,1180.2008,547.1277,737,624,low
69144,618,612,1374,635,1523,755,456,726,930.0983,56.12592,1101,645,low
69213,618,612,1374,635,1523,755,456,726,-502.61667,108.611336,886,665,low
69305,618,612,1374,635,1523,755,456,726,1547.6372,96.40386,1382,697,low
69378,618,612,1374,635,1523,755,456,726,-1555.9565,57.51118,635,631,mid
69915,618,612,1374,635,1523,755,456,726,-1970.6641,985.13184,1257,671,low
69983,618,612,1374,635,1523,755,456,726,-1041.0442,58.334175,644,622,mid
70461,618,612,1374,635,1523,755,456,726,1210.6714,656.82745,749,642,low
70510,618,612,1374,635,1523,755,456,726,1260.2554,170.37218,1262,711,low
70578,618,612,1374,635,1523,755,456,726,-1067.5851,30.634476,799,689,low
70690,618,612,1374,635,1523,755,456,726,1490.4529,18.916485,1156,697,low
70778,618,612,1374,635,1523,755,456,726,-2528.619,230.03961,720,700,low
70870,618,612,1374,635,1523,755,456,726,3155.6653,55.649414,1216,717,low
70963,618,612,1374,635,1523,755,456,726,-2216.5994,553.8688,724,632,mid
71031,618,612,1374,635,1523,755,456,726,1350.0966,172.24762,1297,684,mid
71102,618,612,1374,635,1523,755,456,726,-1692.4819,178.47047,772,696,mid
71193,618,612,1374,635,1523,755,456,726,2750.8213,844.6289,1406,692,mid
71268,618,612,1374,635,1523,755,456,726,-3772.7563,1038.1731,686,636,high
71305,618,612,1374,635,1523,755,456,726,341.8585,206.17047,1285,629,high
72701,618,612,1374,635,1523,755,456,726,-2757.0762,685.78564,1478,731,low
72761,618,612,1374,635,1523,755,456,726,-1437.1819,-126.22298,770,650,low
72820,618,612,1374,635,1523,755,456,726,786.2508,9.320378,1176,669,low
72895,618,612,1374,635,1523,755,456,726,-1965.2579,269.03723,608,692,low
72984,618,612,1374,635,1523,755,456,726,3232.4646,48.83619,1466,714,mid
73042,618,612,1374,635,1523,755,456,726,-1602.8566,-109.67012,628,622,high
74191,618,612,1374,635,1523,755,456,726,-2022.6025,706.062,1301,648,low
74239,618,612,1374,635,1523,755,456,726,-1420.7378,54.525505,756,640,low
74313,618,612,1374,635,1523,755,456,726,3003.0205,327.87747,1503,721,low
74382,618,612,1374,635,1523,755,456,726,-994.24506,38.774536,1101,691,low
74422,618,612,1374,635,1523,755,456,726,-5.7936277,-8.218455,1089,675,low
74459,618,612,1374,635,1523,755,456,726,-234.76648,-2.1097412,1010,660,low
74491,618,612,1374,635,1523,755,456,726,-113.83065,15.592144,1013,651,low
75395,618,612,1374,635,1523,755,456,726,-780.9856,608.9978,855,632,low
76100,618,612,1374,635,1523,755,456,726,1862.0842,637.3619,706,624,low
76154,618,612,1374,635,1523,755,456,726,1614.8413,164.8354,1421,707,mid
76218,618,612,1374,635,1523,755,456,726,-1656.7504,-65.59024,641,639,mid
76289,618,612,1374,635,1523,755,456,726,1796.5153,153.35684,1402,702,mid
76375,618,612,1374,635,1523,755,456,726,-3166.588,602.209,707,612,high
78152,618,612,1374,635,1523,755,456,726,2027.9248,472.9309,742,665,low
78196,618,612,1374,635,1523,755,456,726,1534.0593,51.851543,1246,654,low
78272,618,612,1374,635,1523,755,456,726,-1536.4309,126.28792,713,629,low
78345,618,612,1374,635,1523,755,456,726,1935.4344,189.18253,1162,649,low
78419,618,612,1374,635,1523,755,456,726,-1963.2612,335.8288,687,688,low
78492,618,612,1374,635,1523,755,456,726,5027.824,73.62837,1324,669,high
78591,618,612,1374,635,1523,755,456,726,-1753.7299,872.52234,800,628,low
78659,618,612,1374,635,1523,755,456,726,807.4279,194.28185,1108,677,low
78735,618,612,1374,635,1523,755,456,726,-3499.0056,392.31754,707,696,mid
78804,618,612,1374,635,1523,755,456,726,1866.1195,-14.429952,1443,666,mid
80447,618,612,1374,635,1523,755,456,726,-4056.0547,600.5786,1405,714,low
80486,618,612,1374,635,1523,755,456,726,-2468.78,-85.604774,666,639,mid
80540,618,612,1374,635,1523,755,456,726,1239.4038,15.6210165,1325,655,mid
81649,618,612,1374,635,1523,755,456,726,1317.7295,1187.2339,642,679,low
81718,618,612,1374,635,1523,755,456,726,1117.013,182.77277,1284,725,low
82181,618,612,1374,635,1523,755,456,726,-4143.085,554.7085,1424,719,low
82222,618,612,1374,635,1523,755,456,726,-2286.2703,-113.79448,747,629,low
82278,618,612,1374,635,1523,755,456,726,869.73865,47.07201,1229,662,low
82356,618,612,1374,635,1523,755,456,726,-3031.9587,330.5574,532,687,mid
82416,618,612,1374,635,1523,755,456,726,1677.4452,-9.038086,1380,713,mid
82475,618,612,1374,635,1523,755,456,726,-1129.101,-39.0109,775,678,high
82530,618,612,1374,635,1523,755,456,726,770.7783,97.81879,1342,697,mid
82600,618,612,1374,635,1523,755,456,726,-1977.8403,109.31856,550,665,mid
82638,618,612,1374,635,1523,755,456,726,-489.0815,319.2058,948,702,low
82699,618,612,1374,635,1523,755,456,726,-519.14075,-33.716854,713,681,low
82752,618,612,1374,635,1523,755,456,726,-136.47897,25.229319,666,675,low
82800,618,612,1374,635,1523,755,456,726,114.2614,40.943676,719,676,low
82844,618,612,1374,635,1523,755,456,726,109.13055,42.39772,758,677,low
83846,618,612,1374,635,1523,755,456,726,1852.6304,679.4341,722,628,low
83894,618,612,1374,635,1523,755,456,726,1792.7964,166.03714,1431,695,mid
83961,618,612,1374,635,1523,755,456,726,-1002.22894,-19.806301,1033,655,low
83992,618,612,1374,635,1523,755,456,726,-32.81734,-9.190405,1028,642,low
84024,618,612,1374,635,1523,755,456,726,-41.78777,-47.544605,1013,625,low
84718,618,612,1374,635,1523,755,456,726,1130.3687,615.20764,778,654,low
84765,618,612,1374,635,1523,755,456,726,1174.2992,176.8566,1237,723,low
84837,618,612,1374,635,1523,755,456,726,-1110.0305,27.719065,779,686,low
86333,618,612,1374,635,1523,755,456,726,-2910.3352,527.34534,1298,715,low
86387,618,612,1374,635,1523,755,456,726,-1621.4083,-81.25218,609,642,mid
87664,618,612,1374,635,1523,755,456,726,-2189.8047,660.5963,1410,726,low
87716,618,612,1374,635,1523,755,456,726,-1369.776,12.339311,845,699,low
87802,618,612,1374,635,1523,755,456,726,1392.5353,73.54911,1168,695,low
87874,618,612,1374,635,1523,755,456,726,-948.7895,13.922222,778,646,low
88585,618,612,1374,635,1523,755,456,726,-2278.8477,753.772,1394,691,low
88640,618,612,1374,635,1523,755,456,726,-1311.3334,-21.440767,833,640,low
89020,618,612,1374,635,1523,755,456,726,1868.803,492.44583,715,639,low
89070,618,612,1374,635,1523,755,456,726,1329.8799,-4.1128945,1250,637,low
89158,618,612,1374,635,1523,755,456,726,-1524.8441,181.66194,614,644,mid
89247,618,612,1374,635,1523,755,456,726,2850.7126,207.2732,1355,691,mid
89292,618,612,1374,635,1523,755,456,726,-553.12067,150.6732,748,652,low
89374,618,612,1374,635,1523,755,456,726,2198.6318,220.06314,1206,659,low
89455,618,612,1374,635,1523,755,456,726,-130.62561,433.75488,1018,682,low
89493,618,612,1374,635,1523,755,456,726,-50.343605,114.24463,1008,684,low
90486,618,612,1374,635,1523,755,456,726,1366.7736,517.681,769,634,low
90532,618,612,1374,635,1523,755,456,726,1152.4636,68.01539,1201,660,low
90878,618,612,1374,635,1523,755,456,726,945.90424,522.8999,802,635,low
90935,618,612,1374,635,1523,755,456,726,630.12585,82.571625,1093,669,low
90985,618,612,1374,635,1523,755,456,726,334.38907,114.43607,1207,683,low
91031,618,612,1374,635,1523,755,456,726,244.79184,61.900112,1300,694,low
91625,618,612,1374,635,1523,755,456,726,-2937.3633,566.73096,1370,729,low
91667,618,612,1374,635,1523,755,456,726,-1881.3364,-98.52604,754,661,low
91728,618,612,1374,635,1523,755,456,726,917.6511,73.08676,1207,705,low
91817,618,612,1374,635,1523,755,456,726,-579.6455,-35.132133,1105,657,low
91851,618,612,1374,635,1523,755,456,726,292.35797,-12.844941,1181,640,low
92562,618,612,1374,635,1523,755,456,726,-2447.5542,588.82056,1321,708,low
92606,618,612,1374,635,1523,755,456,726,-1734.9104,122.276634,759,697,low
92722,618,612,1374,635,1523,755,456,726,1634.5472,459.87683,1472,703,mid
97735,618,612,1374,635,1523,755,456,726,-2317.5,714.94385,1371,672,low
97787,618,612,1374,635,1523,755,456,726,-1554.2217,39.4798,726,652,low
97836,618,612,1374,635,1523,755,456,726,1317.6425,123.33139,1369,709,mid
97909,618,612,1374,635,1523,755,456,726,-2341.6794,168.22122,561,678,mid
97975,618,612,1374,635,1523,755,456,726,1407.9631,-40.53682,1216,639,high
98030,618,612,1374,635,1523,755,456,726,-840.38086,122.7179,616,645,high
98099,618,612,1374,635,1523,755,456,726,1629.8458,149.44696,1272,701,mid
98153,618,612,1374,635,1523,755,456,726,-540.0916,105.2191,755,675,low
98226,618,612,1374,635,1523,755,456,726,4741.241,124.68484,1209,642,high
98263,618,612,1374,635,1523,755,456,726,855.1822,162.70044,695,687,mid
98918,618,612,1374,635,1523,755,456,726,1452.5391,1143.6421,1192,701,low
99411,618,612,1374,635,1523,755,456,726,-1735.3613,534.07227,1247,672,low
99456,618,612,1374,635,1523,755,456,726,-1184.2126,19.881287,824,652,low
99526,618,612,1374,635,1523,755,456,726,981.0082,96.97551,1258,685,low
99602,618,612,1374,635,1523,755,456,726,-2979.2737,187.33423,720,681,mid
99665,618,612,1374,635,1523,755,456,726,1279.6462,-70.370346,1292,647,mid
99733,618,612,1374,635,1523,755,456,726,-756.83136,198.31091,1021,690,low
101072,618,612,1374,635,1523,755,456,726,1544.9834,452.5073,762,625,low
101117,618,612,1374,635,1523,755,456,726,1219.638,108.115845,1210,671,low
101185,618,612,1374,635,1523,755,456,726,-1019.4118,38.25787,758,659,low
101240,618,612,1374,635,1523,755,456,726,928.21277,92.959236,1269,705,mid
101307,618,612,1374,635,1523,755,456,726,-1641.5969,9.029396,650,663,mid
101362,618,612,1374,635,1523,755,456,726,1348.5759,57.858173,1386,698,mid
101407,618,612,1374,635,1523,755,456,726,-355.31088,107.90895,670,632,mid
101888,618,612,1374,635,1523,755,456,726,-1316.7969,884.23584,1196,646,low
101949,618,612,1374,635,1523,755,456,726,-921.9142,-18.81778,726,618,low
102386,618,612,1374,635,1523,755,456,726,1638.0525,541.2034,716,615,low
102437,618,612,1374,635,1523,755,456,726,1283.9648,125.3182,1250,671,low
102517,618,612,1374,635,1523,755,456,726,-1350.7319,106.91554,662,647,low
104240,618,612,1374,635,1523,755,456,726,-2236.363,18.753744,533,683,mid
105243,618,612,1374,635,1523,755,456,726,-2391.0522,493.34534,1334,714,low
105296,618,612,1374,635,1523,755,456,726,-1392.2561,-52.128296,752,658,low
105358,618,612,1374,635,1523,755,456,726,1044.7985,63.121853,1266,700,low
105436,618,612,1374,635,1523,755,456,726,-1567.8698,195.08076,1104,735,low
107058,618,612,1374,635,1523,755,456,726,1525.4926,454.7194,765,627,low
107105,618,612,1374,635,1523,755,456,726,1316.8585,106.6314,1270,670,low
107177,618,612,1374,635,1523,755,456,726,-1459.1873,107.932915,637,680,low
107248,618,612,1374,635,1523,755,456,726,1527.4968,-66.202995,1288,636,high
108568,618,612,1374,635,1523,755,456,726,2288.1384,719.5508,703,617,low
108612,618,612,1374,635,1523,755,456,726,2112.272,275.2317,1463,719,mid
108659,618,612,1374,635,1523,755,456,726,-1650.6979,32.911377,690,682,low
108725,618,612,1374,635,1523,755,456,726,1461.992,-80.39162,1344,634,high
108790,618,612,1374,635,1523,755,456,726,-1629.8577,133.16994,643,647,mid
108839,618,612,1374,635,1523,755,456,726,1069.9545,248.94362,1367,717,mid
108901,618,612,1374,635,1523,755,456,726,-1274.7245,-51.18735,788,667,low
108986,618,612,1374,635,1523,755,456,726,2886.8052,341.4928,1420,684,mid
109046,618,612,1374,635,1523,755,456,726,-1639.7986,-17.24717,600,654,high
109119,618,612,1374,635,1523,755,456,726,4777.655,462.4919,1352,671,high
109524,618,612,1374,635,1523,755,456,726,955.97955,1236.8866,1191,703,low
110678,618,612,1374,635,1523,755,456,726,-2197.1533,546.2012,1359,726,low
110724,618,612,1374,635,1523,755,456,726,-1413.2069,-31.154686,849,684,low
111472,618,612,1374,635,1523,755,456,726,-2322.107,671.3012,1404,727,low
111525,618,612,1374,635,1523,755,456,726,-1465.4955,-69.806465,786,669,low
111611,618,612,1374,635,1523,755,456,726,1623.6432,191.05751,1150,695,low
111685,618,612,1374,635,1523,755,456,726,-3151.193,13.51153,728,664,mid
111752,618,612,1374,635,1523,755,456,726,1468.9409,30.95463,1321,660,mid
111827,618,612,1374,635,1523,755,456,726,-3443.4744,803.83936,645,622,high
111924,618,612,1374,635,1523,755,456,726,2144.17,1005.87787,1418,690,low
111977,618,612,1374,635,1523,755,456,726,-1293.9586,112.9919,740,682,low
112105,618,612,1374,635,1523,755,456,726,1701.6576,-191.01323,1127,683,low
112167,618,612,1374,635,1523,755,456,726,-1165.2188,98.173706,554,709,mid
112251,618,612,1374,635,1523,755,456,726,2814.1863,784.0841,1228,692,mid
112296,618,612,1374,635,1523,755,456,726,-330.1845,82.1348,726,627,mid
112395,618,612,1374,635,1523,755,456,726,2081.5093,218.1086,1248,657,low
112458,618,612,1374,635,1523,755,456,726,-1157.183,172.02951,723,710,low
112629,618,612,1374,635,1523,755,456,726,882.4964,390.73242,1140,661,low
112712,618,612,1374,635,1523,755,456,726,-1800.6954,424.74704,631,716,low
112777,618,612,1374,635,1523,755,456,726,1293.606,-4.167729,1218,712,low
114837,618,612,1374,635,1523,755,456,726,1470.3821,585.9088,692,617,low
114899,618,612,1374,635,1523,755,456,726,1144.3591,69.216225,1282,665,low
116128,618,612,1374,635,1523,755,456,726,2142.7568,615.2169,708,618,low
116173,618,612,1374,635,1523,755,456,726,1754.9443,87.93457,1333,639,mid
116294,618,612,1374,635,1523,755,456,726,-1561.5077,927.63275,629,687,mid
116349,618,612,1374,635,1523,755,456,726,1258.6674,73.17981,1331,711,mid
116532,618,612,1374,635,1523,755,456,726,-1015.9417,1437.0913,665,650,mid
116595,618,612,1374,635,1523,755,456,726,898.23895,-1.1356263,1134,628,high
118634,618,612,1374,635,1523,755,456,726,-1691.4844,613.10547,1233,672,low
118679,618,612,1374,635,1523,755,456,726,-1209.7168,50.48828,795,670,low
118767,618,612,1374,635,1523,755,456,726,1487.0966,120.50674,1414,691,mid
118841,618,612,1374,635,1523,755,456,726,-3382.6174,408.7202,697,697,mid
118909,618,612,1374,635,1523,755,456,726,1479.3506,-58.392643,1225,643,low
118974,618,612,1374,635,1523,755,456,726,-1023.2101,195.09435,749,699,mid
119074,618,612,1374,635,1523,755,456,726,1556.7231,783.32275,1146,647,low
119115,618,612,1374,635,1523,755,456,726,-716.9407,218.22954,571,633,high
120785,618,612,1374,635,1523,755,456,726,-1867.3486,619.51416,1360,692,low
120849,618,612,1374,635,1523,755,456,726,-694.68115,18.133524,971,675,low
120890,618,612,1374,635,1523,755,456,726,-102.8252,124.83733,935,689,low
120928,618,612,1374,635,1523,755,456,726,-97.19756,87.41491,904,701,low
120961,618,612,1374,635,1523,755,456,726,-92.78891,106.03371,878,715,low
121031,618,612,1374,635,1523,755,456,726,721.62225,-22.572744,1230,695,low
121077,618,612,1374,635,1523,755,456,726,506.48737,27.432638,1414,699,low
121713,618,612,1374,635,1523,755,456,726,-2912.8123,570.45776,1399,682,low
121753,618,612,1374,635,1523,755,456,726,-2068.796,-61.3127,754,624,low
121797,618,612,1374,635,1523,755,456,726,739.70154,153.16034,1353,676,mid
121852,618,612,1374,635,1523,755,456,726,-1109.5121,27.01991,666,641,mid
121891,618,612,1374,635,1523,755,456,726,473.578,206.38556,1340,694,mid
121937,618,612,1374,635,1523,755,456,726,-301.00293,177.10222,767,675,low
122006,618,612,1374,635,1523,755,456,726,1451.5593,-19.791033,1319,633,high
122076,618,612,1374,635,1523,755,456,726,-900.1639,287.29596,1098,707,low
123638,618,612,1374,635,1523,755,456,726,1791.8763,585.0183,639,655,low
123689,618,612,1374,635,1523,755,456,726,1212.7587,1.3376194,1137,653,low
123795,618,612,1374,635,1523,755,456,726,-510.32245,185.89087,851,670,low
123839,618,612,1374,635,1523,755,456,726,-203.97559,41.554653,784,668,low
123895,618,612,1374,635,1523,755,456,726,556.8294,-16.485699,1069,656,low
123944,618,612,1374,635,1523,755,456,726,385.9894,53.48616,1208,644,low
123989,618,612,1374,635,1523,755,456,726,281.57593,4.0649414,1312,635,low
124006,618,612,1374,635,1523,755,456,726,197.72981,-18.233208,1301,629,low
124090,618,612,1374,635,1523,755,456,726,-720.72815,589.06067,770,645,low
125047,618,612,1374,635,1523,755,456,726,1414.7805,485.93134,747,623,low
125098,618,612,1374,635,1523,755,456,726,1121.624,94.81242,1214,663,low
125170,618,612,1374,635,1523,755,456,726,-1014.0004,64.9292,783,652,low
126974,618,612,1374,635,1523,755,456,726,-2195.0635,465.22705,1328,717,low
127041,618,612,1374,635,1523,755,456,726,-912.36676,-16.045998,784,658,low
127110,618,612,1374,635,1523,755,456,726,1473.3177,204.10313,1477,740,low
128042,618,612,1374,635,1523,755,456,726,-2235.6738,668.8745,1362,725,low
128093,618,612,1374,635,1523,755,456,726,-1387.624,5.9121366,805,692,low
128167,618,612,1374,635,1523,755,456,726,1320.4606,150.72313,1152,693,low
128261,618,612,1374,635,1523,755,456,726,-1373.8196,41.20501,654,640,low
128322,618,612,1374,635,1523,755,456,726,661.7506,-30.074608,976,631,low
128357,618,612,1374,635,1523,755,456,726,48.3956,91.32838,955,626,low
129683,618,612,1374,635,1523,755,456,726,-3315.4392,578.7103,1403,720,low
129735,618,612,1374,635,1523,755,456,726,-1958.7087,-67.78905,615,645,mid
129824,618,612,1374,635,1523,755,456,726,-196.31104,104.28797,823,654,low
129869,618,612,1374,635,1523,755,456,726,-147.05276,63.990936,776,666,low
131554,618,612,1374,635,1523,755,456,726,2344.026,717.9297,680,622,low
131600,618,612,1374,635,1523,755,456,726,1994.0453,209.99521,1423,708,mid
131652,618,612,1374,635,1523,755,456,726,-1080.3119,7.3754883,855,663,low
131731,618,612,1374,635,1523,755,456,726,2168.6858,322.4986,1280,697,mid
131774,618,612,1374,635,1523,755,456,726,-458.79712,167.82988,727,658,mid
131831,618,612,1374,635,1523,755,456,726,932.29095,-66.5764,1285,634,mid
133300,618,612,1374,635,1523,755,456,726,1717.2941,522.2771,701,659,low
133349,618,612,1374,635,1523,755,456,726,1198.8584,10.336163,1174,661,low
133440,618,612,1374,635,1523,755,456,726,-1239.0814,139.20593,728,647,low
133506,618,612,1374,635,1523,755,456,726,593.4979,36.7605,983,651,low
134083,618,612,1374,635,1523,755,456,726,1952.1908,295.16223,1332,631,mid
138229,618,612,1374,635,1523,755,456,726,-3376.9504,634.09,1413,725,low
138279,618,612,1374,635,1523,755,456,726,-1907.1846,-51.97587,725,637,low
138356,618,612,1374,635,1523,755,456,726,580.8704,165.4371,959,663,low
138396,618,612,1374,635,1523,755,456,726,-188.68565,86.846985,892,651,low
138432,618,612,1374,635,1523,755,456,726,-189.62027,-9.624587,835,637,low
138685,618,612,1374,635,1523,755,456,726,838.8289,723.40405,1241,710,low
139179,618,612,1374,635,1523,755,456,726,-3620.2197,628.32275,1496,727,low
139235,618,612,1374,635,1523,755,456,726,-2018.1302,-106.65118,621,631,mid
139775,618,612,1374,635,1523,755,456,726,-2570.005,963.9087,1453,717,low
139835,618,612,1374,635,1523,755,456,726,-1380.3783,-100.99191,771,647,low
140324,618,612,1374,635,1523,755,456,726,1219.0219,540.62714,757,630,low
140373,618,612,1374,635,1523,755,456,726,1148.2289,159.38782,1220,696,low
140441,618,612,1374,635,1523,755,456,726,-1228.2325,53.745987,662,686,low
140530,618,612,1374,635,1523,755,456,726,2661.064,50.350075,1269,695,mid
140585,618,612,1374,635,1523,755,456,726,-1006.0811,57.686165,666,677,mid
140686,618,612,1374,635,1523,755,456,726,2691.72,777.0489,1232,698,mid
140764,618,612,1374,635,1523,755,456,726,-3087.615,239.49126,793,655,low
140811,618,612,1374,635,1523,755,456,726,389.7815,175.89633,1277,666,mid
140919,618,612,1374,635,1523,755,456,726,-3052.4912,1043.8551,525,695,mid
140959,618,612,1374,635,1523,755,456,726,376.53497,263.43115,1238,659,mid
142386,618,612,1374,635,1523,755,456,726,1712.953,474.24268,736,661,low
142433,618,612,1374,635,1523,755,456,726,1176.3685,5.87124,1178,658,low
142827,618,612,1374,635,1523,755,456,726,724.1617,1002.0566,1124,665,low
143704,618,612,1374,635,1523,755,456,726,-2690.6348,681.7212,1386,728,low
143750,618,612,1374,635,1523,755,456,726,-1706.4691,-73.88089,774,660,low
143828,618,612,1374,635,1523,755,456,726,2152.0007,247.7469,1370,690,mid
143874,618,612,1374,635,1523,755,456,726,-872.6712,81.41962,676,634,mid
143927,618,612,1374,635,1523,755,456,726,1099.5519,109.57528,1364,679,high
143988,618,612,1374,635,1523,755,456,726,-1335.5325,-39.93462,699,634,high
144053,618,612,1374,635,1523,755,456,726,1829.6759,158.54712,1457,692,mid
144115,618,612,1374,635,1523,755,456,726,-1384.1232,-55.041008,794,630,low
144231,618,612,1374,635,1523,755,456,726,1137.165,779.846,1335,652,mid
144297,618,612,1374,635,1523,755,456,726,-1368.2228,211.64024,668,698,mid
144351,618,612,1374,635,1523,755,456,726,78.68619,162.14728,983,708,low
144399,618,612,1374,635,1523,755,456,726,121.86196,105.95239,956,695,low
144449,618,612,1374,635,1523,755,456,726,195.02045,10.2177,1048,687,low
144491,618,612,1374,635,1523,755,456,726,278.02548,91.5937,1159,682,low
144532,618,612,1374,635,1523,755,456,726,271.06033,33.231976,1251,676,low
145782,618,612,1374,635,1523,755,456,726,-2542.4583,493.05176,1347,721,low
145828,618,612,1374,635,1523,755,456,726,-1764.0546,73.37365,766,684,low
145912,618,612,1374,635,1523,755,456,726,1546.9629,91.818306,1333,689,low
148259,618,612,1374,635,1523,755,456,726,1494.5265,454.3092,814,647,low
148305,618,612,1374,635,1523,755,456,726,1173.008,85.23433,1252,681,low
148374,618,612,1374,635,1523,755,456,726,-1233.8325,-11.951386,696,633,mid
148441,618,612,1374,635,1523,755,456,726,744.5767,130.97987,968,668,low
148467,618,612,1374,635,1523,755,456,726,68.35133,120.05098,966,677,low
148882,618,612,1374,635,1523,755,456,726,-842.26447,361.9699,715,634,low
149321,618,612,1374,635,1523,755,456,726,1103.4181,548.46936,799,656,low
149364,618,612,1374,635,1523,755,456,726,1221.7747,167.88765,1236,717,low
149447,618,612,1374,635,1523,755,456,726,-1490.6603,25.257961,636,641,low
149522,618,612,1374,635,1523,755,456,726,1284.1421,403.51404,941,698,low
149552,618,612,1374,635,1523,755,456,726,-15.046986,239.65466,906,731,low
151632,618,612,1374,635,1523,755,456,726,2129.5125,619.2635,725,627,low
151674,618,612,1374,635,1523,755,456,726,1873.3619,256.00125,1357,709,low
151760,618,612,1374,635,1523,755,456,726,-1300.7891,566.613,660,689,low
151814,618,612,1374,635,1523,755,456,726,1149.9377,-101.30679,1268,638,high
152639,618,612,1374,635,1523,755,456,726,-1409.7314,728.11523,1303,646,low
152698,618,612,1374,635,1523,755,456,726,-911.7602,6.998974,862,637,low
153281,618,612,1374,635,1523,755,456,726,1421.4514,539.6008,713,617,low
153335,618,612,1374,635,1523,755,456,726,1153.9359,82.53367,1223,656,low
153395,618,612,1374,635,1523,755,456,726,-422.25348,-18.040792,1020,640,low
153418,618,612,1374,635,1523,755,456,726,-538.8837,85.51745,1055,641,low
154265,618,612,1374,635,1523,755,456,726,-2141.6455,625.83984,1254,689,low
154308,618,612,1374,635,1523,755,456,726,-1566.3076,66.07337,714,684,low
154407,618,612,1374,635,1523,755,456,726,1986.4823,-9.436833,1355,680,mid
155056,618,612,1374,635,1523,755,456,726,1931.9409,930.33203,586,676,low
155112,618,612,1374,635,1523,755,456,726,1333.5536,70.82619,1193,713,low
156090,618,612,1374,635,1523,755,456,726,-3050.5762,349.0808,1365,714,low
156142,618,612,1374,635,1523,755,456,726,-1772.2405,-93.24488,678,630,low
156188,618,612,1374,635,1523,755,456,726,1214.1332,73.667145,1235,663,mid
156263,618,612,1374,635,1523,755,456,726,-1899.6038,138.9019,816,664,low
156350,618,612,1374,635,1523,755,456,726,3243.9607,120.55274,1332,643,high
156397,618,612,1374,635,1523,755,456,726,-917.16113,157.82587,568,640,mid
158030,618,612,1374,635,1523,755,456,726,1392.627,581.17676,738,626,low
158083,618,612,1374,635,1523,755,456,726,1276.2587,178.52312,1296,711,low
158162,618,612,1374,635,1523,755,456,726,-2205.0217,50.92398,774,682,low
158220,618,612,1374,635,1523,755,456,726,782.1932,-36.917786,1203,676,low
158292,618,612,1374,635,1523,755,456,726,-1271.9895,107.23885,735,662,mid
158341,618,612,1374,635,1523,755,456,726,783.2647,215.90494,1390,721,mid
158386,618,612,1374,635,1523,755,456,726,-638.86365,102.232185,654,656,high
158432,618,612,1374,635,1523,755,456,726,519.7675,154.10664,1350,693,mid
158490,618,612,1374,635,1523,755,456,726,-1285.6387,57.315487,647,694,mid
158531,618,612,1374,635,1523,755,456,726,37.26512,81.83249,1168,634,mid
159631,618,612,1374,635,1523,755,456,726,-1479.3604,848.2617,1191,660,low
159692,618,612,1374,635,1523,755,456,726,-869.2067,-0.6014549,750,646,low
160248,618,612,1374,635,1523,755,456,726,2124.7183,824.9084,601,664,low
160293,618,612,1374,635,1523,755,456,726,1915.9642,137.13509,1311,715,low
160395,618,612,1374,635,1523,755,456,726,565.1894,-92.477646,1364,667,low
161630,618,612,1374,635,1523,755,456,726,-1801.9307,538.2107,1292,669,low
161675,618,612,1374,635,1523,755,456,726,-1356.5206,136.54474,827,675,low
161750,618,612,1374,635,1523,755,456,726,1850.483,144.078,1308,708,low
161844,618,612,1374,635,1523,755,456,726,-1403.8503,509.2449,669,693,low
161901,618,612,1374,635,1523,755,456,726,1094.1984,-115.60286,1271,639,high
